	name	clade	strain
0	EPI-ISL-15771591_USA_1994	A.1	EPI-ISL-15771591
1	EPI-ISL-15771595_USA_1995	A.1	EPI-ISL-15771595
2	EPI-ISL-15771598_USA_1995	A.1	EPI-ISL-15771598
3	EPI-ISL-15771587_USA_1994	A.1	EPI-ISL-15771587
4	EPI-ISL-15771609_USA_1995	A.1	EPI-ISL-15771609
5	EPI-ISL-15771603_USA_1995	A.1	EPI-ISL-15771603
6	MG642067_USA_1987	A.1	MG642067
7	MG642038_USA_1985	A.1	MG642038
8	MG642075_USA_1986	A.1	MG642075
9	MG642069_USA_1985	A.1	MG642069
10	MG642060_USA_1980	A.1	MG642060
11	EPI-ISL-15771600_USA_1956	A.1	EPI-ISL-15771600
12	MG642040_USA_1980	A.2	MG642040
13	MG642058_USA_1980	A.2	MG642058
14	MG642032_USA_1980	A.2	MG642032
15	MG642028_USA_1980	A.2	MG642028
16	MG642024_USA_1981	A.2	MG642024
17	MG642079_USA_1982	A.2	MG642079
18	MG642083_USA_1987	A.2	MG642083
19	MG642052_USA_1994	A.2	MG642052
20	MG642061_USA_1994	A.2	MG642061
21	EPI-ISL-15771611_USA_1995	A.2	EPI-ISL-15771611
22	EPI-ISL-15771615_USA_1993	A.2	EPI-ISL-15771615
23	KJ627695_USA_2001	A.2	KJ627695
24	MG642055_USA_1990	A.2	MG642055
25	EPI-ISL-15771604_USA_1995	A.2	EPI-ISL-15771604
26	MG642074_USA_1980	A	MG642074
27	KJ627676_USA_2001	A.2.1	KJ627676
28	KJ627708_USA_2001	A.2.1	KJ627708
29	KJ627670_USA_2003	A.2.1	KJ627670
30	KJ627671_USA_2003	A.2.1	KJ627671
31	KJ627663_USA_2003	A.2.1	KJ627663
32	KJ627657_USA_2003	A.2.1	KJ627657
33	KJ627723_USA_2004	A.2.1	KJ627723
34	KJ627727_USA_2003	A.2.1	KJ627727
35	KJ627731_USA_2003	A.2.1	KJ627731
36	KJ627733_USA_2003	A.2.1	KJ627733
37	KJ627652_USA_2002	A.2.1	KJ627652
38	KJ627672_USA_2001	A.2.1	KJ627672
39	KJ627674_USA_2001	A.2.1	KJ627674
40	KJ627673_USA_2001	A.2.1	KJ627673
41	KJ627688_USA_2001	A.2.1	KJ627688
42	KJ627689_USA_2001	A.2.1	KJ627689
43	KJ627710_USA_2001	A.2.1	KJ627710
44	KJ627693_USA_2001	A.2.1	KJ627693
45	KJ627685_USA_2001	A.2.1	KJ627685
46	KJ627686_USA_2001	A.2.1	KJ627686
47	KJ627704_USA_2001	A.2.1	KJ627704
48	KJ627705_USA_2001	A.2.1	KJ627705
49	KJ627678_USA_2001	A.2.1	KJ627678
50	KJ627682_USA_2001	A.2.1	KJ627682
51	KJ627656_USA_2003	A.2.1	KJ627656
52	MZ221191_China_2014	A.2.1	MZ221191
53	KJ627690_USA_2001	A.2.1	KJ627690
54	KJ627662_USA_2003	A.2.1.1	KJ627662
55	KJ627714_USA_2003	A.2.1.1	KJ627714
56	KJ627719_USA_2004	A.2.1.1	KJ627719
57	KJ627720_USA_2004	A.2.1.1	KJ627720
58	KJ627721_USA_2004	A.2.1.1	KJ627721
59	KJ627666_USA_2003	A.2.1.1	KJ627666
60	KJ627668_USA_2003	A.2.1.1	KJ627668
61	KJ627716_USA_2003	A.2.1.1	KJ627716
62	KJ627717_USA_2001	A.2.1.1	KJ627717
63	KJ627729_USA_2003	A.2.1.1	KJ627729
64	EPI-ISL-6494911_England_2009	A.2.1.1	EPI-ISL-6494911
65	EPI-ISL-6494783_England_2014	A.2.1.1	EPI-ISL-6494783
66	OK649646_Brazil_2010	A.2.1.1	OK649646
67	EPI-ISL-15752021_Brazil_2010	A.2.1.1	EPI-ISL-15752021
68	EPI-ISL-15752024_Brazil_2010	A.2.1.1	EPI-ISL-15752024
69	OK649637_Brazil_2009	A.2.1.1	OK649637
70	OK649608_Brazil_2008	A.2.1.1	OK649608
71	EPI-ISL-15752082_Brazil_2008	A.2.1.1	EPI-ISL-15752082
72	OK649606_Brazil_2008	A.2.1.1	OK649606
73	OK649635_Brazil_2009	A.2.1.1	OK649635
74	OK649649_Brazil_2010	A.2.1.1	OK649649
75	KF973338_USA_2002	A.2.1.1	KF973338
76	KF973339_USA_2002	A.2.1.1	KF973339
77	KF973335_USA_2002	A.2.1.1	KF973335
78	KF973331_USA_2002	A.2.1.1	KF973331
79	KF973334_USA_2002	A.2.1.1	KF973334
80	KF973325_USA_2002	A.2.1.1	KF973325
81	KF973340_USA_2002	A.2.1.1	KF973340
82	KJ627649_USA_2001	A.2.1.1	KJ627649
83	KJ627654_USA_2002	A.2.1.1	KJ627654
84	MG027862_USA_2003	A.2.1.1	MG027862
85	OK649617_Brazil_2008	A.2.1.1	OK649617
86	OK649677_USA_2004	A.2.1.1	OK649677
87	MG642035_USA_1984	A.3	MG642035
88	MG642071_USA_1984	A.3	MG642071
89	MG642063_USA_1982	A.3	MG642063
90	MG642077_USA_1987	A.3	MG642077
91	MG642070_USA_1986	A.3	MG642070
92	EPI-ISL-15820267_Canada_1995	A.3	EPI-ISL-15820267
93	OK649678_USA_2005	A.3	OK649678
94	EPI-ISL-15771601_USA_1994	A.3	EPI-ISL-15771601
95	MG642030_USA_1988	A.3	MG642030
96	MG642034_USA_1985	A.3	MG642034
97	MG642026_USA_1982	A.3	MG642026
98	MG642081_USA_1982	A.3	MG642081
99	MG642056_USA_1982	A.3	MG642056
100	EPI-ISL-15771606_USA_1995	A.3	EPI-ISL-15771606
101	EPI-ISL-15771593_USA_1994	A.3	EPI-ISL-15771593
102	MG642080_USA_1994	A.3	MG642080
103	MG642033_USA_1994	A.3	MG642033
104	MG642050_USA_1994	A.3	MG642050
105	EPI-ISL-15820268_Canada_1995	A.3	EPI-ISL-15820268
106	EPI-ISL-15771589_USA_1994	A.3	EPI-ISL-15771589
107	KJ627647_USA_2001	A.3	KJ627647
108	EPI-ISL-15820266_Canada_1995	A.3	EPI-ISL-15820266
109	EPI-ISL-15752079_Brazil_2008	A.3	EPI-ISL-15752079
110	OK649627_Brazil_2008	A.3	OK649627
111	OK649612_Brazil_2008	A.3	OK649612
112	OK649625_Brazil_2008	A.3	OK649625
113	EPI-ISL-15752077_Brazil_2008	A.3	EPI-ISL-15752077
114	OK649614_Brazil_2008	A.3	OK649614
115	OK649679_USA_2005	A.3	OK649679
116	EPI-ISL-15752018_Kenya_2012	A.3	EPI-ISL-15752018
117	EPI-ISL-15752015_Kenya_2007	A.3	EPI-ISL-15752015
118	EPI-ISL-15752014_Kenya_2007	A.3	EPI-ISL-15752014
119	EPI-ISL-15752019_Kenya_2011	A.3	EPI-ISL-15752019
120	EPI-ISL-15752016_Kenya_2007	A.3	EPI-ISL-15752016
121	EPI-ISL-15752020_Kenya_2010	A.3	EPI-ISL-15752020
122	OK649642_Brazil_2010	A.3	OK649642
123	EPI-ISL-15752081_Brazil_2008	A.3	EPI-ISL-15752081
124	EPI-ISL-15752023_Brazil_2010	A.3.1	EPI-ISL-15752023
125	OK649638_Brazil_2009	A.3.1	OK649638
126	EPI-ISL-15752076_Brazil_2008	A.3.1	EPI-ISL-15752076
127	OK649634_Brazil_2008	A.3.1	OK649634
128	OK649628_Brazil_2008	A.3.1	OK649628
129	OK649618_Brazil_2008	A.3.1	OK649618
130	OK649615_Brazil_2008	A.3.1	OK649615
131	OK649603_Brazil_2008	A.3.1	OK649603
132	OK649604_Brazil_2008	A.3.1	OK649604
133	OK649605_Brazil_2008	A.3.1	OK649605
134	OK649610_Brazil_2008	A.3.1	OK649610
135	OK649613_Brazil_2008	A.3.1	OK649613
136	OK649609_Brazil_2008	A.3.1	OK649609
137	OK649611_Brazil_2008	A.3.1	OK649611
138	OK649620_Brazil_2008	A.3.1	OK649620
139	OK649630_Brazil_2008	A.3.1	OK649630
140	OK649631_Brazil_2008	A.3.1	OK649631
141	OK649616_Brazil_2008	A.3.1	OK649616
142	OK649622_Brazil_2008	A.3.1	OK649622
143	EPI-ISL-15752078_Brazil_2008	A.3.1	EPI-ISL-15752078
144	OK649607_Brazil_2008	A.3.1	OK649607
145	OK649633_Brazil_2008	A.3.1	OK649633
146	OK649629_Brazil_2008	A.3.1	OK649629
147	EPI-ISL-15752080_Brazil_2008	A.3.1	EPI-ISL-15752080
148	OK649619_Brazil_2008	A.3.1	OK649619
149	OK649632_Brazil_2008	A.3.1	OK649632
150	OK649621_Brazil_2008	A.3.1	OK649621
151	OK649626_Brazil_2008	A.3.1	OK649626
152	OK649624_Brazil_2008	A.3.1	OK649624
153	EPI-ISL-15752075_Brazil_2008	A.3.1	EPI-ISL-15752075
154	MF001047_USA_2015	A.3.1	MF001047
155	EPI-ISL-15752017_Kenya_2007	A.3.1	EPI-ISL-15752017
156	OK649667_Kenya_2007	A.3.1	OK649667
157	OK649623_Brazil_2008	A.3.1	OK649623
158	MK109772_Jordan_2011	A.3.1.1	MK109772
159	MK109777_Jordan_2011	A.3.1.1	MK109777
160	MK109763_Jordan_2011	A.3.1.1	MK109763
161	EPI-ISL-6494977_England_2012	A.3.1.1	EPI-ISL-6494977
162	MF001041_USA_2015	A.3.1.1	MF001041
163	EPI-ISL-6494985_England_2013	A.3.1.1	EPI-ISL-6494985
164	KY654511_Philippines_2013	A.3.1.1	KY654511
165	MH181883_Kenya_2012	A.3.1.1	MH181883
166	MH181902_Kenya_2013	A.3.1.1	MH181902
167	MH181904_Kenya_2013	A.3.1.1	MH181904
168	MH181905_Kenya_2014	A.3.1.1	MH181905
169	MH181878_Kenya_2011	A.3.1.1	MH181878
170	EPI-ISL-15752026_Brazil_2010	A.3.1.1	EPI-ISL-15752026
171	OK649648_Brazil_2010	A.3.1.1	OK649648
172	OK649645_Brazil_2010	A.3.1.1	OK649645
173	OK649641_Brazil_2009	A.3.1.1	OK649641
174	OK649643_Brazil_2010	A.3.1.1	OK649643
175	OK649644_Brazil_2010	A.3.1.1	OK649644
176	OK649650_Brazil_2010	A.3.1.1	OK649650
177	EPI-ISL-15752022_Brazil_2010	A.3.1.1	EPI-ISL-15752022
178	MK109775_Jordan_2011	A.3.1.1	MK109775
179	MK109774_Jordan_2011	A.3.1.1	MK109774
180	MK109785_Jordan_2010	A.3.1.1	MK109785
181	MF001054_USA_2015	A.3.1.1	MF001054
182	MF001052_USA_2015	A.3.1.1	MF001052
183	MK109776_Jordan_2011	A.3.1.1	MK109776
184	MK109787_Jordan_2011	A.3.1.1	MK109787
185	EPI-ISL-6494962_England_2012	A.3.1.1	EPI-ISL-6494962
186	EPI-ISL-15752025_Brazil_2010	A.3.1.1	EPI-ISL-15752025
187	MK109773_Jordan_2011	A.3.1.1	MK109773
188	OK649636_Brazil_2009	A.3.1.1	OK649636
189	KY782635_China_2009	A.3.1.1	KY782635
190	OK649647_Brazil_2010	A.3.1.2	OK649647
191	MF001043_USA_2015	A.3.1.2	MF001043
192	EPI-ISL-6494957_England_2012	A.3.1.2	EPI-ISL-6494957
193	EPI-ISL-6494960_England_2012	A.3.1.2	EPI-ISL-6494960
194	KJ627738_USA_2013	A.3.1.2	KJ627738
195	MH181899_Kenya_2013	A.3.1.2	MH181899
196	MH181906_Kenya_2015	A.3.1.2	MH181906
197	ON237251_Argentina_2015	A.3.1.2	ON237251
198	ON237255_Argentina_2015	A.3.1.2	ON237255
199	ON237257_Argentina_2015	A.3.1.2	ON237257
200	EPI-ISL-6494784_England_2014	A.3.1.2	EPI-ISL-6494784
201	EPI-ISL-6494973_England_2012	A.3.1.2	EPI-ISL-6494973
202	MF001050_USA_2015	A.3.1.2	MF001050
203	MF001056_USA_2015	A.3.1.2	MF001056
204	KY654507_Philippines_2012	A.3.1.2	KY654507
205	KY654510_Philippines_2012	A.3.1.2	KY654510
206	KY654508_Philippines_2012	A.3.1.2	KY654508
207	KY654509_Philippines_2012	A.3.1.2	KY654509
208	KY654506_Philippines_2012	A.3.1.2	KY654506
209	MF001049_USA_2015	A.3.1.2	MF001049
210	MF001051_USA_2015	A.3.1.2	MF001051
211	OK649680_USA_2012	A.3.1.2	OK649680
212	EPI-ISL-6494975_England_2012	A.3.1.2	EPI-ISL-6494975
213	OK649639_Brazil_2009	A.3.1.2	OK649639
214	OK649640_Brazil_2009	A.3.1.2	OK649640
215	MN630097_USA_2016	A.3.1.2	MN630097
216	EPI-ISL-6494794_England_2014	A.D	EPI-ISL-6494794
217	MW582528_Germany_2015	A.D	MW582528
218	MZ515967_Netherlands_2018	A.D	MZ515967
219	MZ515650_Netherlands_2019	A.D	MZ515650
220	MZ515681_United-Kingdom_2020	A.D	MZ515681
221	MZ221195_China_2014	A.D	MZ221195
222	MZ515620_Netherlands_2018	A.D	MZ515620
223	ON237276_Argentina_2016	A.D	ON237276
224	ON237293_Argentina_2016	A.D	ON237293
225	ON237287_Argentina_2016	A.D	ON237287
226	EPI-ISL-15120778_Morocco_2017	A.D	EPI-ISL-15120778
227	EPI-ISL-16282716_Vietnam_2020	A.D	EPI-ISL-16282716
228	MN630093_USA_2016	A.D	MN630093
229	MN630099_USA_2016	A.D	MN630099
230	OK649681_USA_2012	A.D	OK649681
231	EPI-ISL-12544918_Vietnam_2017	A.D	EPI-ISL-12544918
232	MZ515842_Spain_2020	A.D	MZ515842
233	MZ516057_Netherlands_2019	A.D	MZ516057
234	ON237298_Argentina_2017	A.D	ON237298
235	EPI-ISL-12544919_Vietnam_2018	A.D	EPI-ISL-12544919
236	EPI-ISL-15120729_Morocco_2016	A.D	EPI-ISL-15120729
237	MZ515634_Netherlands_2019	A.D	MZ515634
238	ON237266_Argentina_2015	A.D	ON237266
239	MZ516077_Netherlands_2017	A.D	MZ516077
240	ON237270_Argentina_2015	A.D	ON237270
241	EPI-ISL-6494815_England_2016	A.D	EPI-ISL-6494815
242	EPI-ISL-6495009_England_2014	A.D	EPI-ISL-6495009
243	MF614946_China_2012	A.D	MF614946
244	ON237246_Argentina_2015	A.D	ON237246
245	ON237259_Argentina_2015	A.D	ON237259
246	ON237306_Argentina_2017	A.D	ON237306
247	ON237332_Argentina_2017	A.D	ON237332
248	ON237244_Argentina_2014	A.D	ON237244
249	ON237230_Argentina_2014	A.D	ON237230
250	EPI-ISL-15120666_Morocco_2014	A.D	EPI-ISL-15120666
251	MK749895_Nicaragua_2016	A.D	MK749895
252	MK749909_Nicaragua_2016	A.D	MK749909
253	ON237269_Argentina_2015	A.D	ON237269
254	MH447955_Thailand_2014	A.D	MH447955
255	MH447956_Thailand_2014	A.D	MH447956
256	MZ515819_United-Kingdom_2018	A.D	MZ515819
257	MZ516092_United-Kingdom_2018	A.D	MZ516092
258	MZ515600_United-Kingdom_2018	A.D	MZ515600
259	MZ516076_United-Kingdom_2018	A.D	MZ516076
260	MK749884_Nicaragua_2016	A.D	MK749884
261	ON237228_Argentina_2014	A.D	ON237228
262	EPI-ISL-15120680_Morocco_2015	A.D	EPI-ISL-15120680
263	EPI-ISL-15120690_Morocco_2015	A.D	EPI-ISL-15120690
264	EPI-ISL-15120683_Morocco_2015	A.D	EPI-ISL-15120683
265	EPI-ISL-15120682_Morocco_2015	A.D	EPI-ISL-15120682
266	EPI-ISL-15120676_Morocco_2014	A.D	EPI-ISL-15120676
267	EPI-ISL-15120674_Morocco_2014	A.D	EPI-ISL-15120674
268	EPI-ISL-15120677_Morocco_2014	A.D	EPI-ISL-15120677
269	ON237254_Argentina_2015	A.D	ON237254
270	KJ627735_USA_2013	A.D	KJ627735
271	EPI-ISL-6494976_England_2012	A.D	EPI-ISL-6494976
272	EPI-ISL-6494983_England_2013	A.D	EPI-ISL-6494983
273	EPI-ISL-6494984_England_2013	A.D	EPI-ISL-6494984
274	ON237232_Argentina_2014	A.D	ON237232
275	ON237238_Argentina_2014	A.D	ON237238
276	MH447953_Thailand_2013	A.D	MH447953
277	MH447954_Thailand_2013	A.D	MH447954
278	ON237268_Argentina_2015	A.D	ON237268
279	EPI-ISL-6494818_England_2016	A.D	EPI-ISL-6494818
280	OK649682_USA_2012	A.D	OK649682
281	EPI-ISL-6494995_England_2013	A.D	EPI-ISL-6494995
282	EPI-ISL-15120678_Morocco_2015	A.D	EPI-ISL-15120678
283	EPI-ISL-15120679_Morocco_2015	A.D	EPI-ISL-15120679
284	ON237220_Argentina_2014	A.D	ON237220
285	EPI-ISL-6494955_England_2012	A.D	EPI-ISL-6494955
286	KY982516_USA_2013	A.D	KY982516
287	EPI-ISL-15120667_Morocco_2014	A.D	EPI-ISL-15120667
288	EPI-ISL-15120669_Morocco_2014	A.D	EPI-ISL-15120669
289	EPI-ISL-15120668_Morocco_2014	A.D	EPI-ISL-15120668
290	EPI-ISL-15120665_Morocco_2014	A.D	EPI-ISL-15120665
291	EPI-ISL-16960103_New-Zealand_2021	A.D	EPI-ISL-16960103
292	EPI-ISL-6495010_England_2014	A.D	EPI-ISL-6495010
293	KY982517_USA_2013	A.D	KY982517
294	ON237225_Argentina_2014	A.D	ON237225
295	ON237235_Argentina_2014	A.D	ON237235
296	ON237252_Argentina_2015	A.D	ON237252
297	ON237256_Argentina_2015	A.D	ON237256
298	MZ515777_Spain_2019	A.D.1	MZ515777
299	MZ221198_China_2018	A.D.1	MZ221198
300	MZ515963_Spain_2019	A.D.1	MZ515963
301	OQ261747_Austria_2020	A.D.1	OQ261747
302	MZ515597_United-Kingdom_2019	A.D.1	MZ515597
303	MZ516090_Netherlands_2019	A.D.1	MZ516090
304	MZ515628_Netherlands_2019	A.D.1	MZ515628
305	MZ516024_Netherlands_2019	A.D.1	MZ516024
306	MZ515649_Netherlands_2019	A.D.1	MZ515649
307	MZ515744_Netherlands_2019	A.D.1	MZ515744
308	MZ515931_Netherlands_2019	A.D.1	MZ515931
309	MZ515971_Netherlands_2019	A.D.1	MZ515971
310	MZ515790_Netherlands_2019	A.D.1	MZ515790
311	MZ515789_Netherlands_2018	A.D.1	MZ515789
312	MZ516058_Netherlands_2017	A.D.1	MZ516058
313	ON237343_Argentina_2017	A.D.1	ON237343
314	ON237349_Argentina_2017	A.D.1	ON237349
315	ON237358_Argentina_2017	A.D.1	ON237358
316	MZ515573_United-Kingdom_2020	A.D.1	MZ515573
317	ON237314_Argentina_2017	A.D.1	ON237314
318	EPI-ISL-15055312_Argentina_2018	A.D.1	EPI-ISL-15055312
319	MZ516008_United-Kingdom_2018	A.D.1	MZ516008
320	MZ515945_Netherlands_2018	A.D.1	MZ515945
321	ON237313_Argentina_2017	A.D.1	ON237313
322	ON237350_Argentina_2017	A.D.1	ON237350
323	ON237344_Argentina_2017	A.D.1	ON237344
324	ON237351_Argentina_2017	A.D.1	ON237351
325	ON237316_Argentina_2017	A.D.1	ON237316
326	MZ515689_United-Kingdom_2018	A.D.1	MZ515689
327	MZ515969_United-Kingdom_2019	A.D.1	MZ515969
328	MZ515929_United-Kingdom_2018	A.D.1	MZ515929
329	MZ515847_United-Kingdom_2018	A.D.1	MZ515847
330	MZ515966_United-Kingdom_2018	A.D.1	MZ515966
331	MZ515585_Spain_2018	A.D.1	MZ515585
332	MZ515984_Spain_2019	A.D.1	MZ515984
333	MZ516031_Spain_2019	A.D.1	MZ516031
334	MZ515583_Spain_2019	A.D.1	MZ515583
335	MZ515860_Spain_2019	A.D.1	MZ515860
336	MZ516033_Spain_2020	A.D.1	MZ516033
337	MZ515640_Spain_2019	A.D.1	MZ515640
338	MZ516011_Spain_2020	A.D.1	MZ516011
339	EPI-ISL-15055322_Argentina_2019	A.D.1	EPI-ISL-15055322
340	EPI-ISL-16132376_USA_2022	A.D.1	EPI-ISL-16132376
341	MZ151854_Russia_2020	A.D.1	MZ151854
342	EPI-ISL-16132369_USA_2022	A.D.1	EPI-ISL-16132369
343	EPI-ISL-16132345_USA_2022	A.D.1	EPI-ISL-16132345
344	EPI-ISL-16681323_USA_2022	A.D.1	EPI-ISL-16681323
345	EPI-ISL-16839033_Scotland_2022	A.D.1	EPI-ISL-16839033
346	EPI-ISL-15896155_Australia_2022	A.D.1	EPI-ISL-15896155
347	EPI-ISL-16839037_Scotland_2022	A.D.1	EPI-ISL-16839037
348	MZ515706_Spain_2020	A.D.1	MZ515706
349	MZ515652_United-Kingdom_2018	A.D.1	MZ515652
350	MZ515685_United-Kingdom_2018	A.D.1	MZ515685
351	MZ515992_United-Kingdom_2018	A.D.1	MZ515992
352	MZ515755_United-Kingdom_2018	A.D.1	MZ515755
353	MZ515848_United-Kingdom_2018	A.D.1	MZ515848
354	MZ515951_United-Kingdom_2018	A.D.1	MZ515951
355	EPI-ISL-15055326_Argentina_2021	A.D.1	EPI-ISL-15055326
356	MZ516029_United-Kingdom_2019	A.D.1	MZ516029
357	EPI-ISL-15055316_Argentina_2019	A.D.1	EPI-ISL-15055316
358	EPI-ISL-16839034_Scotland_2022	A.D.1	EPI-ISL-16839034
359	KY967363_USA_2015	A.D.1	KY967363
360	MZ515834_United-Kingdom_2019	A.D.1	MZ515834
361	MZ516073_United-Kingdom_2019	A.D.1	MZ516073
362	MZ515864_United-Kingdom_2019	A.D.1	MZ515864
363	MZ516137_United-Kingdom_2019	A.D.1	MZ516137
364	MZ515717_Netherlands_2019	A.D.1	MZ515717
365	MZ515941_Spain_2019	A.D.1	MZ515941
366	EPI-ISL-11817069_Australia_2021	A.D.1.1	EPI-ISL-11817069
367	EPI-ISL-11817076_Australia_2021	A.D.1.1	EPI-ISL-11817076
368	EPI-ISL-15774070_Australia_2021	A.D.1.1	EPI-ISL-15774070
369	EPI-ISL-11817046_Australia_2021	A.D.1.1	EPI-ISL-11817046
370	EPI-ISL-15774054_Australia_2021	A.D.1.1	EPI-ISL-15774054
371	EPI-ISL-15774065_Australia_2021	A.D.1.1	EPI-ISL-15774065
372	EPI-ISL-11817075_Australia_2021	A.D.1.1	EPI-ISL-11817075
373	EPI-ISL-15774024_Australia_2021	A.D.1.1	EPI-ISL-15774024
374	EPI-ISL-15774062_Australia_2021	A.D.1.1	EPI-ISL-15774062
375	EPI-ISL-11817083_Australia_2021	A.D.1.1	EPI-ISL-11817083
376	EPI-ISL-11817036_Australia_2021	A.D.1.1	EPI-ISL-11817036
377	EPI-ISL-15774067_Australia_2021	A.D.1.1	EPI-ISL-15774067
378	EPI-ISL-11817025_Australia_2021	A.D.1.1	EPI-ISL-11817025
379	EPI-ISL-15774066_Australia_2021	A.D.1.1	EPI-ISL-15774066
380	EPI-ISL-15774023_Australia_2021	A.D.1.1	EPI-ISL-15774023
381	EPI-ISL-11817023_Australia_2021	A.D.1.1	EPI-ISL-11817023
382	EPI-ISL-11817026_Australia_2021	A.D.1.1	EPI-ISL-11817026
383	EPI-ISL-15774043_Australia_2021	A.D.1.1	EPI-ISL-15774043
384	EPI-ISL-11817092_Australia_2021	A.D.1.1	EPI-ISL-11817092
385	EPI-ISL-11817053_Australia_2021	A.D.1.1	EPI-ISL-11817053
386	EPI-ISL-11817039_Australia_2021	A.D.1.1	EPI-ISL-11817039
387	EPI-ISL-11817061_Australia_2021	A.D.1.1	EPI-ISL-11817061
388	EPI-ISL-15774068_Australia_2021	A.D.1.1	EPI-ISL-15774068
389	EPI-ISL-15774017_Australia_2021	A.D.1.1	EPI-ISL-15774017
390	EPI-ISL-11817072_Australia_2021	A.D.1.1	EPI-ISL-11817072
391	EPI-ISL-15774021_Australia_2021	A.D.1.1	EPI-ISL-15774021
392	EPI-ISL-11817043_Australia_2021	A.D.1.1	EPI-ISL-11817043
393	EPI-ISL-11817065_Australia_2021	A.D.1.1	EPI-ISL-11817065
394	EPI-ISL-11817021_Australia_2021	A.D.1.1	EPI-ISL-11817021
395	EPI-ISL-11817078_Australia_2021	A.D.1.1	EPI-ISL-11817078
396	EPI-ISL-11817041_Australia_2021	A.D.1.1	EPI-ISL-11817041
397	EPI-ISL-15774031_Australia_2021	A.D.1.1	EPI-ISL-15774031
398	MZ515688_Spain_2019	A.D.1	MZ515688
399	MZ515961_Spain_2020	A.D.1	MZ515961
400	MZ516120_Spain_2019	A.D.1	MZ516120
401	MZ515773_Spain_2020	A.D.1	MZ515773
402	MZ515570_Spain_2019	A.D.1	MZ515570
403	MZ516047_Spain_2019	A.D.1	MZ516047
404	EPI-ISL-16681337_USA_2022	A.D.1	EPI-ISL-16681337
405	EPI-ISL-16132360_USA_2022	A.D.1	EPI-ISL-16132360
406	EPI-ISL-16132341_USA_2022	A.D.1	EPI-ISL-16132341
407	OQ171909_USA_2022	A.D.1	OQ171909
408	MZ515803_Netherlands_2019	A.D.1	MZ515803
409	MZ516068_Netherlands_2019	A.D.1	MZ516068
410	MZ515811_United-Kingdom_2018	A.D.1	MZ515811
411	LR699736_United-Kingdom_2018	A.D.1	LR699736
412	EPI-ISL-15120782_Morocco_2018	A.D.1	EPI-ISL-15120782
413	EPI-ISL-16681271_USA_2022	A.D.1	EPI-ISL-16681271
414	EPI-ISL-16681309_USA_2022	A.D.1	EPI-ISL-16681309
415	OQ171919_USA_2022	A.D.1	OQ171919
416	EPI-ISL-15055310_Argentina_2018	A.D.1	EPI-ISL-15055310
417	EPI-ISL-15055314_Argentina_2018	A.D.1	EPI-ISL-15055314
418	MZ516002_Spain_2019	A.D.1	MZ516002
419	MZ515645_United-Kingdom_2019	A.D.1	MZ515645
420	MZ516040_United-Kingdom_2019	A.D.1	MZ516040
421	OQ261751_Austria_2022	A.D.1	OQ261751
422	EPI-ISL-11055746_South-Africa_2021	A.D.1	EPI-ISL-11055746
423	EPI-ISL-11055759_South-Africa_2021	A.D.1	EPI-ISL-11055759
424	EPI-ISL-17089183_USA_2020	A.D.1	EPI-ISL-17089183
425	MZ515784_United-Kingdom_2019	A.D.1	MZ515784
426	MZ515907_United-Kingdom_2019	A.D.1	MZ515907
427	MZ515631_Netherlands_2019	A.D.1	MZ515631
428	MZ515571_United-Kingdom_2020	A.D.1	MZ515571
429	MZ515614_United-Kingdom_2020	A.D.1	MZ515614
430	MZ516000_United-Kingdom_2019	A.D.1	MZ516000
431	MZ515911_United-Kingdom_2019	A.D.1	MZ515911
432	EPI-ISL-15774056_Australia_2021	A.D.1.2	EPI-ISL-15774056
433	OM857171_Australia_2020	A.D.1.2	OM857171
434	OM857156_Australia_2020	A.D.1.2	OM857156
435	OM857174_Australia_2020	A.D.1.2	OM857174
436	OM857164_Australia_2020	A.D.1.2	OM857164
437	OM857177_Australia_2021	A.D.1.2	OM857177
438	OM857176_Australia_2020	A.D.1.2	OM857176
439	OM857189_Australia_2021	A.D.1.2	OM857189
440	OM857188_Australia_2021	A.D.1.2	OM857188
441	OM857155_Australia_2020	A.D.1.2	OM857155
442	OM857157_Australia_2020	A.D.1.2	OM857157
443	OM857175_Australia_2021	A.D.1.2	OM857175
444	OM857140_Australia_2021	A.D.1.2	OM857140
445	OM857150_Australia_2020	A.D.1.2	OM857150
446	OM857170_Australia_2020	A.D.1.2	OM857170
447	OM857152_Australia_2020	A.D.1.2	OM857152
448	OM857151_Australia_2020	A.D.1.2	OM857151
449	OM857168_Australia_2020	A.D.1.2	OM857168
450	EPI-ISL-15774063_Australia_2021	A.D.1.2	EPI-ISL-15774063
451	OM857160_Australia_2020	A.D.1.2	OM857160
452	OM857162_Australia_2020	A.D.1.2	OM857162
453	OM857158_Australia_2020	A.D.1.2	OM857158
454	OM857159_Australia_2020	A.D.1.2	OM857159
455	OM857180_Australia_2020	A.D.1.2	OM857180
456	OM857172_Australia_2020	A.D.1.2	OM857172
457	OM857197_Australia_2021	A.D.1.2	OM857197
458	OM857200_Australia_2020	A.D.1.2	OM857200
459	OM857195_Australia_2021	A.D.1.2	OM857195
460	EPI-ISL-11055741_South-Africa_2021	A.D.1.3x	EPI-ISL-11055741
461	EPI-ISL-11055762_South-Africa_2021	A.D.1.3x	EPI-ISL-11055762
462	EPI-ISL-11055744_South-Africa_2021	A.D.1.3x	EPI-ISL-11055744
463	EPI-ISL-12529648_South-Africa_2021	A.D.1.3x	EPI-ISL-12529648
464	EPI-ISL-11055756_South-Africa_2021	A.D.1.3x	EPI-ISL-11055756
465	EPI-ISL-11055740_South-Africa_2021	A.D.1.3x	EPI-ISL-11055740
466	EPI-ISL-15774039_Australia_2021	A.D.1.3	EPI-ISL-15774039
467	EPI-ISL-11817071_Australia_2021	A.D.1.3	EPI-ISL-11817071
468	EPI-ISL-16959973_New-Zealand_2021	A.D.1.3	EPI-ISL-16959973
469	EPI-ISL-15774012_Australia_2021	A.D.1.3	EPI-ISL-15774012
470	EPI-ISL-11817019_Australia_2021	A.D.1.3	EPI-ISL-11817019
471	EPI-ISL-15774053_Australia_2021	A.D.1.3	EPI-ISL-15774053
472	EPI-ISL-15774030_Australia_2021	A.D.1.3	EPI-ISL-15774030
473	EPI-ISL-15774032_Australia_2021	A.D.1.3	EPI-ISL-15774032
474	EPI-ISL-15774035_Australia_2021	A.D.1.3	EPI-ISL-15774035
475	EPI-ISL-15774059_Australia_2021	A.D.1.3	EPI-ISL-15774059
476	EPI-ISL-15774026_Australia_2021	A.D.1.3	EPI-ISL-15774026
477	EPI-ISL-16959673_New-Zealand_2021	A.D.1.3.1	EPI-ISL-16959673
478	EPI-ISL-16959685_New-Zealand_2021	A.D.1.3.1	EPI-ISL-16959685
479	EPI-ISL-16959679_New-Zealand_2021	A.D.1.3.1	EPI-ISL-16959679
480	EPI-ISL-16959608_New-Zealand_2021	A.D.1.3.1	EPI-ISL-16959608
481	EPI-ISL-16959681_New-Zealand_2021	A.D.1.3.1	EPI-ISL-16959681
482	EPI-ISL-16959598_New-Zealand_2021	A.D.1.3.1	EPI-ISL-16959598
483	EPI-ISL-16959619_New-Zealand_2021	A.D.1.3.1	EPI-ISL-16959619
484	EPI-ISL-16959711_New-Zealand_2021	A.D.1.3.1	EPI-ISL-16959711
485	EPI-ISL-16959668_New-Zealand_2021	A.D.1.3.1	EPI-ISL-16959668
486	EPI-ISL-16959680_New-Zealand_2021	A.D.1.3.1	EPI-ISL-16959680
487	EPI-ISL-16960070_New-Zealand_2021	A.D.1.3.1	EPI-ISL-16960070
488	EPI-ISL-16959782_New-Zealand_2021	A.D.1.3.1	EPI-ISL-16959782
489	EPI-ISL-16960071_New-Zealand_2021	A.D.1.3.1	EPI-ISL-16960071
490	EPI-ISL-16959564_New-Zealand_2021	A.D.1.3.1	EPI-ISL-16959564
491	EPI-ISL-16959625_New-Zealand_2021	A.D.1.3.1	EPI-ISL-16959625
492	EPI-ISL-16959670_New-Zealand_2021	A.D.1.3.1	EPI-ISL-16959670
493	EPI-ISL-16960013_New-Zealand_2021	A.D.1.3.1	EPI-ISL-16960013
494	EPI-ISL-16959725_New-Zealand_2021	A.D.1.3.1	EPI-ISL-16959725
495	EPI-ISL-16959533_New-Zealand_2021	A.D.1.3.1	EPI-ISL-16959533
496	OM857301_Australia_2020	A.D.1.3.1	OM857301
497	OM857303_Australia_2020	A.D.1.3.1	OM857303
498	EPI-ISL-11817051_Australia_2021	A.D.1.3.1	EPI-ISL-11817051
499	EPI-ISL-15774045_Australia_2021	A.D.1.3.1	EPI-ISL-15774045
500	OM857334_Australia_2020	A.D.1.3.1	OM857334
501	OM857299_Australia_2020	A.D.1.3.1	OM857299
502	OM857315_Australia_2020	A.D.1.3.1	OM857315
503	EPI-ISL-15774046_Australia_2021	A.D.1.3.1	EPI-ISL-15774046
504	EPI-ISL-11817107_Australia_2021	A.D.1.3.1	EPI-ISL-11817107
505	OM857325_Australia_2020	A.D.1.3.1	OM857325
506	OM857298_Australia_2020	A.D.1.3.1	OM857298
507	OM857302_Australia_2020	A.D.1.3.1	OM857302
508	OM857304_Australia_2020	A.D.1.3.1	OM857304
509	EPI-ISL-11817094_Australia_2021	A.D.1.3.1	EPI-ISL-11817094
510	EPI-ISL-11817102_Australia_2021	A.D.1.3.1	EPI-ISL-11817102
511	EPI-ISL-16959676_New-Zealand_2021	A.D.1.3.1	EPI-ISL-16959676
512	EPI-ISL-16959607_New-Zealand_2021	A.D.1.3.1	EPI-ISL-16959607
513	EPI-ISL-16960026_New-Zealand_2021	A.D.1.3.1	EPI-ISL-16960026
514	EPI-ISL-16960010_New-Zealand_2021	A.D.1.3.1	EPI-ISL-16960010
515	EPI-ISL-11817090_Australia_2021	A.D.1.3.1	EPI-ISL-11817090
516	OM857332_Australia_2020	A.D.1.3.1	OM857332
517	OM857342_Australia_2021	A.D.1.3.1	OM857342
518	EPI-ISL-11817104_Australia_2021	A.D.1.3.1	EPI-ISL-11817104
519	EPI-ISL-11817108_Australia_2021	A.D.1.3.1	EPI-ISL-11817108
520	OM857338_Australia_2021	A.D.1.3.1	OM857338
521	OM857340_Australia_2021	A.D.1.3.1	OM857340
522	OM857336_Australia_2021	A.D.1.3.1	OM857336
523	EPI-ISL-11817105_Australia_2021	A.D.1.3.1	EPI-ISL-11817105
524	OM857331_Australia_2020	A.D.1.3.1	OM857331
525	EPI-ISL-11817103_Australia_2021	A.D.1.3.1	EPI-ISL-11817103
526	OM857330_Australia_2020	A.D.1.3.1	OM857330
527	OM857335_Australia_2020	A.D.1.3.1	OM857335
528	EPI-ISL-11817106_Australia_2021	A.D.1.3.1	EPI-ISL-11817106
529	EPI-ISL-11817095_Australia_2021	A.D.1.3.1	EPI-ISL-11817095
530	OM857341_Australia_2021	A.D.1.3.1	OM857341
531	OM857337_Australia_2021	A.D.1.3.1	OM857337
532	OM857326_Australia_2020	A.D.1.3.1	OM857326
533	EPI-ISL-17066821_Australia_2022	A.D.1.3.1	EPI-ISL-17066821
534	EPI-ISL-16714810_Australia_2022	A.D.1.3.1	EPI-ISL-16714810
535	EPI-ISL-15896186_Australia_2022	A.D.1.3.1	EPI-ISL-15896186
536	EPI-ISL-16714760_Australia_2022	A.D.1.3.1	EPI-ISL-16714760
537	EPI-ISL-15896202_Australia_2022	A.D.1.3.1	EPI-ISL-15896202
538	EPI-ISL-16714803_Australia_2022	A.D.1.3.1	EPI-ISL-16714803
539	EPI-ISL-15896160_Australia_2022	A.D.1.3.1	EPI-ISL-15896160
540	EPI-ISL-15896139_Australia_2022	A.D.1.3.1	EPI-ISL-15896139
541	EPI-ISL-15896141_Australia_2022	A.D.1.3.1	EPI-ISL-15896141
542	EPI-ISL-17066784_Australia_2022	A.D.1.3.1	EPI-ISL-17066784
543	EPI-ISL-17066813_Australia_2022	A.D.1.3.1	EPI-ISL-17066813
544	EPI-ISL-17066795_Australia_2022	A.D.1.3.1	EPI-ISL-17066795
545	EPI-ISL-17066817_Australia_2022	A.D.1.3.1	EPI-ISL-17066817
546	EPI-ISL-15896213_Australia_2022	A.D.1.3.1	EPI-ISL-15896213
547	EPI-ISL-15896172_Australia_2022	A.D.1.3.1	EPI-ISL-15896172
548	EPI-ISL-11817045_Australia_2021	A.D.1.3.1	EPI-ISL-11817045
549	EPI-ISL-11817038_Australia_2021	A.D.1.3.1	EPI-ISL-11817038
550	EPI-ISL-11817080_Australia_2021	A.D.1.3.1	EPI-ISL-11817080
551	EPI-ISL-15774050_Australia_2021	A.D.1.3.1	EPI-ISL-15774050
552	EPI-ISL-11817082_Australia_2021	A.D.1.3.1	EPI-ISL-11817082
553	OM857333_Australia_2020	A.D.1.3.1	OM857333
554	EPI-ISL-16959918_New-Zealand_2021	A.D.1.3.1	EPI-ISL-16959918
555	OM857295_Australia_2020	A.D.1.3.1	OM857295
556	OM857297_Australia_2020	A.D.1.3.1	OM857297
557	OM857296_Australia_2020	A.D.1.3.1	OM857296
558	OM857323_Australia_2020	A.D.1.3.1	OM857323
559	OM857322_Australia_2020	A.D.1.3.1	OM857322
560	EPI-ISL-11817027_Australia_2021	A.D.1.3.1	EPI-ISL-11817027
561	OM857313_Australia_2020	A.D.1.3.1	OM857313
562	EPI-ISL-16960118_New-Zealand_2021	A.D.1.3.1	EPI-ISL-16960118
563	EPI-ISL-16960130_New-Zealand_2021	A.D.1.3.1	EPI-ISL-16960130
564	EPI-ISL-16960005_New-Zealand_2021	A.D.1.3.1	EPI-ISL-16960005
565	EPI-ISL-16960025_New-Zealand_2021	A.D.1.3.1	EPI-ISL-16960025
566	EPI-ISL-16960125_New-Zealand_2021	A.D.1.3.1	EPI-ISL-16960125
567	EPI-ISL-16960003_New-Zealand_2021	A.D.1.3.1	EPI-ISL-16960003
568	EPI-ISL-16960024_New-Zealand_2021	A.D.1.3.1	EPI-ISL-16960024
569	EPI-ISL-16959849_New-Zealand_2021	A.D.1.3.1	EPI-ISL-16959849
570	EPI-ISL-16959997_New-Zealand_2021	A.D.1.3.1	EPI-ISL-16959997
571	EPI-ISL-16959783_New-Zealand_2021	A.D.1.3.1	EPI-ISL-16959783
572	EPI-ISL-16959976_New-Zealand_2021	A.D.1.3.1	EPI-ISL-16959976
573	EPI-ISL-16960132_New-Zealand_2021	A.D.1.3.1	EPI-ISL-16960132
574	EPI-ISL-15774060_Australia_2021	A.D.1.3.1	EPI-ISL-15774060
575	EPI-ISL-15774020_Australia_2021	A.D.1.3.1	EPI-ISL-15774020
576	OM857317_Australia_2020	A.D.1.3.1	OM857317
577	EPI-ISL-15774047_Australia_2021	A.D.1.3.1	EPI-ISL-15774047
578	EPI-ISL-15774049_Australia_2021	A.D.1.3.1	EPI-ISL-15774049
579	OM857318_Australia_2020	A.D.1.3.1	OM857318
580	EPI-ISL-15774058_Australia_2021	A.D.1.3.1	EPI-ISL-15774058
581	OM857316_Australia_2020	A.D.1.3.1	OM857316
582	EPI-ISL-16959542_New-Zealand_2021	A.D.1.3.1	EPI-ISL-16959542
583	EPI-ISL-11817097_Australia_2021	A.D.1.3.1	EPI-ISL-11817097
584	OM857359_Australia_2020	A.D.1.3.1	OM857359
585	OM857319_Australia_2020	A.D.1.3.1	OM857319
586	OM857320_Australia_2020	A.D.1.3.1	OM857320
587	OM857321_Australia_2020	A.D.1.3.1	OM857321
588	OM857309_Australia_2020	A.D.1.3.1	OM857309
589	OM857312_Australia_2020	A.D.1.3.1	OM857312
590	OM857324_Australia_2020	A.D.1.3.1	OM857324
591	OM857311_Australia_2020	A.D.1.3.1	OM857311
592	OM857344_Australia_2020	A.D.1.3.1	OM857344
593	OM857345_Australia_2021	A.D.1.3.1	OM857345
594	OM857307_Australia_2020	A.D.1.3.1	OM857307
595	OM857294_Australia_2020	A.D.1.3.1	OM857294
596	OM857362_Australia_2020	A.D.1.3.1	OM857362
597	OM857306_Australia_2020	A.D.1.3.1	OM857306
598	OM857347_Australia_2021	A.D.1.3.1	OM857347
599	OM857346_Australia_2021	A.D.1.3.1	OM857346
600	EPI-ISL-11817066_Australia_2021	A.D.1.3.1	EPI-ISL-11817066
601	OM857308_Australia_2020	A.D.1.3.1	OM857308
602	OM857343_Australia_2020	A.D.1.3.1	OM857343
603	EPI-ISL-16959522_New-Zealand_2021	A.D.1.3.1	EPI-ISL-16959522
604	EPI-ISL-16959979_New-Zealand_2021	A.D.1.3.1	EPI-ISL-16959979
605	EPI-ISL-16959960_New-Zealand_2021	A.D.1.3.1	EPI-ISL-16959960
606	EPI-ISL-16959980_New-Zealand_2021	A.D.1.3.1	EPI-ISL-16959980
607	EPI-ISL-16959999_New-Zealand_2021	A.D.1.3.1	EPI-ISL-16959999
608	EPI-ISL-16959639_New-Zealand_2021	A.D.1.3.1	EPI-ISL-16959639
609	EPI-ISL-16959978_New-Zealand_2021	A.D.1.3.1	EPI-ISL-16959978
610	EPI-ISL-16959981_New-Zealand_2021	A.D.1.3.1	EPI-ISL-16959981
611	EPI-ISL-16959972_New-Zealand_2021	A.D.1.3.1	EPI-ISL-16959972
612	EPI-ISL-16959977_New-Zealand_2021	A.D.1.3.1	EPI-ISL-16959977
613	EPI-ISL-16959961_New-Zealand_2021	A.D.1.3.1	EPI-ISL-16959961
614	EPI-ISL-16959970_New-Zealand_2021	A.D.1.3.1	EPI-ISL-16959970
615	EPI-ISL-16959514_New-Zealand_2021	A.D.1.3.1	EPI-ISL-16959514
616	EPI-ISL-16959806_New-Zealand_2021	A.D.1.3.1	EPI-ISL-16959806
617	EPI-ISL-16959638_New-Zealand_2021	A.D.1.3.1	EPI-ISL-16959638
618	EPI-ISL-16959528_New-Zealand_2021	A.D.1.3.1	EPI-ISL-16959528
619	EPI-ISL-15774015_Australia_2021	A.D.1.3.1	EPI-ISL-15774015
620	EPI-ISL-16959712_New-Zealand_2021	A.D.1.3.1	EPI-ISL-16959712
621	EPI-ISL-16959818_New-Zealand_2021	A.D.1.3.1	EPI-ISL-16959818
622	EPI-ISL-16959856_New-Zealand_2021	A.D.1.3.1	EPI-ISL-16959856
623	EPI-ISL-16959847_New-Zealand_2021	A.D.1.3.1	EPI-ISL-16959847
624	EPI-ISL-16959695_New-Zealand_2021	A.D.1.3.1	EPI-ISL-16959695
625	EPI-ISL-16959530_New-Zealand_2021	A.D.1.3.1	EPI-ISL-16959530
626	EPI-ISL-11817049_Australia_2021	A.D.1.3.1	EPI-ISL-11817049
627	EPI-ISL-11817086_Australia_2021	A.D.1.3.1	EPI-ISL-11817086
628	EPI-ISL-15774013_Australia_2021	A.D.1.3.1	EPI-ISL-15774013
629	EPI-ISL-15774064_Australia_2021	A.D.1.3.1	EPI-ISL-15774064
630	EPI-ISL-11817028_Australia_2021	A.D.1.3.1	EPI-ISL-11817028
631	EPI-ISL-11817032_Australia_2021	A.D.1.3.1	EPI-ISL-11817032
632	EPI-ISL-11817024_Australia_2021	A.D.1.3.1	EPI-ISL-11817024
633	EPI-ISL-11817091_Australia_2021	A.D.1.3.1	EPI-ISL-11817091
634	OM857230_Australia_2020	A.D.1.3.1	OM857230
635	OM857231_Australia_2020	A.D.1.3.1	OM857231
636	OM857242_Australia_2020	A.D.1.3.1	OM857242
637	OM857233_Australia_2020	A.D.1.3.1	OM857233
638	EPI-ISL-11817100_Australia_2021	A.D.1.3.1	EPI-ISL-11817100
639	OM857214_Australia_2020	A.D.1.3.1	OM857214
640	OM857355_Australia_2020	A.D.1.3.1	OM857355
641	OM857228_Australia_2020	A.D.1.3.1	OM857228
642	OM857363_Australia_2021	A.D.1.3.1	OM857363
643	OM857229_Australia_2020	A.D.1.3.1	OM857229
644	EPI-ISL-15774029_Australia_2021	A.D.1.3.1	EPI-ISL-15774029
645	OM857264_Australia_2021	A.D.1.3.1	OM857264
646	EPI-ISL-15774011_Australia_2021	A.D.1.3.1	EPI-ISL-15774011
647	EPI-ISL-15774022_Australia_2021	A.D.1.3.1	EPI-ISL-15774022
648	OM857249_Australia_2020	A.D.1.3.1	OM857249
649	OM857227_Australia_2020	A.D.1.3.1	OM857227
650	OM857240_Australia_2020	A.D.1.3.1	OM857240
651	OM857213_Australia_2020	A.D.1.3.1	OM857213
652	EPI-ISL-15774025_Australia_2021	A.D.1.3.1	EPI-ISL-15774025
653	OM857225_Australia_2020	A.D.1.3.1	OM857225
654	OM857216_Australia_2020	A.D.1.3.1	OM857216
655	OM857226_Australia_2020	A.D.1.3.1	OM857226
656	OM857215_Australia_2020	A.D.1.3.1	OM857215
657	OM857218_Australia_2020	A.D.1.3.1	OM857218
658	EPI-ISL-16959742_New-Zealand_2021	A.D.1.3.1	EPI-ISL-16959742
659	EPI-ISL-16959866_New-Zealand_2021	A.D.1.3.1	EPI-ISL-16959866
660	EPI-ISL-16959858_New-Zealand_2021	A.D.1.3.1	EPI-ISL-16959858
661	OM857237_Australia_2020	A.D.1.3.1	OM857237
662	OM857220_Australia_2020	A.D.1.3.1	OM857220
663	OM857224_Australia_2020	A.D.1.3.1	OM857224
664	OM857222_Australia_2020	A.D.1.3.1	OM857222
665	OM857356_Australia_2021	A.D.1.3.1	OM857356
666	OM857223_Australia_2020	A.D.1.3.1	OM857223
667	OM857245_Australia_2020	A.D.1.3.1	OM857245
668	OM857248_Australia_2020	A.D.1.3.1	OM857248
669	OM857244_Australia_2020	A.D.1.3.1	OM857244
670	OM857262_Australia_2020	A.D.1.3.1	OM857262
671	OM857263_Australia_2021	A.D.1.3.1	OM857263
672	EPI-ISL-11817096_Australia_2021	A.D.1.3.1	EPI-ISL-11817096
673	OM857243_Australia_2020	A.D.1.3.1	OM857243
674	OM857250_Australia_2020	A.D.1.3.1	OM857250
675	OM857241_Australia_2020	A.D.1.3.1	OM857241
676	EPI-ISL-11817099_Australia_2021	A.D.1.3.1	EPI-ISL-11817099
677	EPI-ISL-11817101_Australia_2021	A.D.1.3.1	EPI-ISL-11817101
678	EPI-ISL-15774018_Australia_2021	A.D.1.3.1	EPI-ISL-15774018
679	OM857235_Australia_2020	A.D.1.3.1	OM857235
680	OM857236_Australia_2020	A.D.1.3.1	OM857236
681	OM857358_Australia_2020	A.D.1.3.1	OM857358
682	OM857232_Australia_2020	A.D.1.3.1	OM857232
683	OM857239_Australia_2020	A.D.1.3.1	OM857239
684	EPI-ISL-11817030_Australia_2021	A.D.1.3.1	EPI-ISL-11817030
685	EPI-ISL-15774016_Australia_2021	A.D.1.3.1	EPI-ISL-15774016
686	EPI-ISL-11817088_Australia_2021	A.D.1.3.1	EPI-ISL-11817088
687	OM857254_Australia_2020	A.D.1.3.1	OM857254
688	EPI-ISL-16959923_New-Zealand_2021	A.D.1.3.1	EPI-ISL-16959923
689	EPI-ISL-16959927_New-Zealand_2021	A.D.1.3.1	EPI-ISL-16959927
690	EPI-ISL-16959926_New-Zealand_2021	A.D.1.3.1	EPI-ISL-16959926
691	OM857257_Australia_2021	A.D.1.3.1	OM857257
692	OM857256_Australia_2020	A.D.1.3.1	OM857256
693	OM857258_Australia_2020	A.D.1.3.1	OM857258
694	OM857255_Australia_2021	A.D.1.3.1	OM857255
695	OM857259_Australia_2020	A.D.1.3.1	OM857259
696	OM857260_Australia_2020	A.D.1.3.1	OM857260
697	OM857251_Australia_2020	A.D.1.3.1	OM857251
698	OM857252_Australia_2020	A.D.1.3.1	OM857252
699	OM857261_Australia_2020	A.D.1.3.1	OM857261
700	OM857267_Australia_2021	A.D.1.3.1	OM857267
701	OM857360_Australia_2021	A.D.1.3.1	OM857360
702	OM857265_Australia_2020	A.D.1.3.1	OM857265
703	OM857253_Australia_2020	A.D.1.3.1	OM857253
704	OM857234_Australia_2020	A.D.1.3.1	OM857234
705	EPI-ISL-15774042_Australia_2021	A.D.1.3.1	EPI-ISL-15774042
706	EPI-ISL-11817062_Australia_2021	A.D.1.3.1	EPI-ISL-11817062
707	OM857277_Australia_2020	A.D.1.3.1	OM857277
708	OM857353_Australia_2021	A.D.1.3.1	OM857353
709	OM857271_Australia_2020	A.D.1.3.1	OM857271
710	OM857273_Australia_2020	A.D.1.3.1	OM857273
711	OM857282_Australia_2020	A.D.1.3.1	OM857282
712	OM857288_Australia_2020	A.D.1.3.1	OM857288
713	OM857289_Australia_2020	A.D.1.3.1	OM857289
714	OM857270_Australia_2020	A.D.1.3.1	OM857270
715	OM857276_Australia_2020	A.D.1.3.1	OM857276
716	OM857275_Australia_2020	A.D.1.3.1	OM857275
717	OM857352_Australia_2021	A.D.1.3.1	OM857352
718	OM857354_Australia_2021	A.D.1.3.1	OM857354
719	OM857286_Australia_2020	A.D.1.3.1	OM857286
720	EPI-ISL-11817109_Australia_2021	A.D.1.3.1	EPI-ISL-11817109
721	OM857350_Australia_2020	A.D.1.3.1	OM857350
722	OM857279_Australia_2020	A.D.1.3.1	OM857279
723	OM857351_Australia_2021	A.D.1.3.1	OM857351
724	EPI-ISL-11817020_Australia_2021	A.D.1.3.1	EPI-ISL-11817020
725	EPI-ISL-15774038_Australia_2021	A.D.1.3.1	EPI-ISL-15774038
726	OM857283_Australia_2020	A.D.1.3.1	OM857283
727	OM857285_Australia_2020	A.D.1.3.1	OM857285
728	OM857274_Australia_2020	A.D.1.3.1	OM857274
729	OM857280_Australia_2020	A.D.1.3.1	OM857280
730	OM857281_Australia_2020	A.D.1.3.1	OM857281
731	EPI-ISL-11817056_Australia_2021	A.D.1.3.1	EPI-ISL-11817056
732	OM857293_Australia_2020	A.D.1.3.1	OM857293
733	OM857292_Australia_2020	A.D.1.3.1	OM857292
734	OM857291_Australia_2020	A.D.1.3.1	OM857291
735	EPI-ISL-16959766_New-Zealand_2021	A.D.1.3.1	EPI-ISL-16959766
736	EPI-ISL-16960086_New-Zealand_2021	A.D.1.3.1	EPI-ISL-16960086
737	MH181930_Kenya_2012	A.D	MH181930
738	OK649684_USA_2015	A.D	OK649684
739	ON237243_Argentina_2014	A.D	ON237243
740	MH181922_Kenya_2012	A.D	MH181922
741	MH181931_Kenya_2012	A.D	MH181931
742	ON237247_Argentina_2015	A.D	ON237247
743	ON237250_Argentina_2015	A.D	ON237250
744	LR699734_United-Kingdom_2018	A.D	LR699734
745	EPI-ISL-6494980_England_2012	A.D	EPI-ISL-6494980
746	ON237231_Argentina_2014	A.D	ON237231
747	EPI-ISL-6494992_England_2013	A.D	EPI-ISL-6494992
748	EPI-ISL-6494954_England_2012	A.D	EPI-ISL-6494954
749	EPI-ISL-6494979_England_2012	A.D	EPI-ISL-6494979
750	MH181924_Kenya_2012	A.D	MH181924
751	MF001057_USA_2015	A.D	MF001057
752	MK167035_USA_2008	A.D	MK167035
753	EPI-ISL-6495004_England_2014	A.D	EPI-ISL-6495004
754	ON237219_Argentina_2014	A.D	ON237219
755	ON237265_Argentina_2015	A.D	ON237265
756	EPI-ISL-6494816_England_2016	A.D	EPI-ISL-6494816
757	EPI-ISL-6494953_England_2012	A.D	EPI-ISL-6494953
758	MZ516043_Netherlands_2017	A.D	MZ516043
759	EPI-ISL-15004435_Morocco_2012	A.D	EPI-ISL-15004435
760	EPI-ISL-15004433_Morocco_2012	A.D	EPI-ISL-15004433
761	ON237260_Argentina_2015	A.D	ON237260
762	ON237261_Argentina_2015	A.D	ON237261
763	KY654514_Philippines_2013	A.D	KY654514
764	MH279547_China_2017	A.D	MH279547
765	MZ221197_China_2018	A.D	MZ221197
766	OQ261746_Austria_2019	A.D	OQ261746
767	MZ515840_Netherlands_2017	A.D	MZ515840
768	MZ221194_China_2018	A.D	MZ221194
769	ON237277_Argentina_2016	A.D	ON237277
770	ON237279_Argentina_2016	A.D	ON237279
771	MZ221205_China_2014	A.D	MZ221205
772	MH447959_Thailand_2017	A.D	MH447959
773	MZ221196_China_2014	A.D	MZ221196
774	MZ221199_China_2018	A.D	MZ221199
775	EPI-ISL-10914989_Australia_2016	A.D	EPI-ISL-10914989
776	ON237242_Argentina_2014	A.D	ON237242
777	ON237222_Argentina_2014	A.D	ON237222
778	ON237229_Argentina_2014	A.D	ON237229
779	ON237223_Argentina_2014	A.D	ON237223
780	ON237245_Argentina_2014	A.D	ON237245
781	ON237258_Argentina_2015	A.D	ON237258
782	ON237234_Argentina_2014	A.D	ON237234
783	MK749913_Nicaragua_2016	A.D.2	MK749913
784	EPI-ISL-6494788_England_2014	A.D.2	EPI-ISL-6494788
785	ON237272_Argentina_2015	A.D.2	ON237272
786	EPI-ISL-16839036_Scotland_2022	A.D.2	EPI-ISL-16839036
787	MZ515901_Netherlands_2019	A.D.2	MZ515901
788	MK749912_Nicaragua_2015	A.D.2	MK749912
789	EPI-ISL-6494796_England_2014	A.D.2	EPI-ISL-6494796
790	MZ515709_Netherlands_2020	A.D.2.1	MZ515709
791	MZ515859_Netherlands_2019	A.D.2.1	MZ515859
792	MZ516080_Netherlands_2019	A.D.2.1	MZ516080
793	MZ515701_Netherlands_2019	A.D.2.1	MZ515701
794	MZ515766_Netherlands_2019	A.D.2.1	MZ515766
795	MZ515801_Netherlands_2019	A.D.2.1	MZ515801
796	MZ515898_Netherlands_2019	A.D.2.1	MZ515898
797	MZ516088_Netherlands_2019	A.D.2.1	MZ516088
798	MZ515651_Netherlands_2019	A.D.2.1	MZ515651
799	MZ515696_Netherlands_2019	A.D.2.1	MZ515696
800	MZ516132_Netherlands_2019	A.D.2.1	MZ516132
801	MZ516038_Netherlands_2019	A.D.2.1	MZ516038
802	MZ515877_Netherlands_2019	A.D.2.1	MZ515877
803	ON237315_Argentina_2017	A.D.2.2	ON237315
804	ON237325_Argentina_2017	A.D.2.2	ON237325
805	ON237299_Argentina_2017	A.D.2.2	ON237299
806	MZ515852_Netherlands_2019	A.D.2.2	MZ515852
807	ON237304_Argentina_2017	A.D.2.2	ON237304
808	ON237301_Argentina_2017	A.D.2.2	ON237301
809	ON237302_Argentina_2017	A.D.2.2	ON237302
810	ON237305_Argentina_2017	A.D.2.2	ON237305
811	ON237340_Argentina_2017	A.D.2.2	ON237340
812	EPI-ISL-6494821_England_2016	A.D.2.2	EPI-ISL-6494821
813	MZ515566_United-Kingdom_2019	A.D.2.2	MZ515566
814	EPI-ISL-15120681_Morocco_2015	A.D.2.2	EPI-ISL-15120681
815	EPI-ISL-15120785_Morocco_2019	A.D.2.2	EPI-ISL-15120785
816	EPI-ISL-6494785_England_2014	A.D.2.2	EPI-ISL-6494785
817	EPI-ISL-6494806_England_2015	A.D.2.2	EPI-ISL-6494806
818	EPI-ISL-15120716_Morocco_2016	A.D.2.2	EPI-ISL-15120716
819	EPI-ISL-6494988_England_2013	A.D.2.2	EPI-ISL-6494988
820	EPI-ISL-6494809_England_2015	A.D.2.2	EPI-ISL-6494809
821	ON237333_Argentina_2017	A.D.2.2	ON237333
822	ON237335_Argentina_2017	A.D.2.2	ON237335
823	ON237322_Argentina_2017	A.D.2.2	ON237322
824	ON237321_Argentina_2017	A.D.2.2	ON237321
825	ON237311_Argentina_2017	A.D.2.2	ON237311
826	ON237327_Argentina_2017	A.D.2.2	ON237327
827	ON237356_Argentina_2017	A.D.2.2	ON237356
828	MN630100_USA_2016	A.D.2.2	MN630100
829	EPI-ISL-15120728_Morocco_2016	A.D.2.2	EPI-ISL-15120728
830	MH447958_Thailand_2016	A.D.2.2	MH447958
831	MZ515740_Netherlands_2019	A.D.2.2	MZ515740
832	MZ516072_United-Kingdom_2019	A.D.2.2	MZ516072
833	MZ515833_Netherlands_2018	A.D.2.2	MZ515833
834	MZ515841_Netherlands_2019	A.D.2.2	MZ515841
835	MZ515835_Netherlands_2018	A.D.2.2	MZ515835
836	MZ516053_Netherlands_2018	A.D.2.2	MZ516053
837	EPI-ISL-6174136_Cote-dIvoire_2019	A.D.2.2	EPI-ISL-6174136
838	EPI-ISL-5522630_Cote-dIvoire_2019	A.D.2.2	EPI-ISL-5522630
839	MZ515985_Netherlands_2019	A.D.2.2	MZ515985
840	MZ515703_Netherlands_2018	A.D.2.2	MZ515703
841	EPI-ISL-6494811_England_2016	A.D.2.2	EPI-ISL-6494811
842	EPI-ISL-15120688_Morocco_2015	A.D.2.2	EPI-ISL-15120688
843	EPI-ISL-15120717_Morocco_2016	A.D.2.2	EPI-ISL-15120717
844	EPI-ISL-15120689_Morocco_2015	A.D.2.2	EPI-ISL-15120689
845	EPI-ISL-15120730_Morocco_2016	A.D.2.2	EPI-ISL-15120730
846	EPI-ISL-6494800_England_2015	A.D.2.2	EPI-ISL-6494800
847	MZ515939_Netherlands_2017	A.D.2.2	MZ515939
848	MZ516108_Netherlands_2017	A.D.2.2	MZ516108
849	EPI-ISL-15120694_Morocco_2016	A.D.2.2	EPI-ISL-15120694
850	EPI-ISL-15120715_Morocco_2016	A.D.2.2	EPI-ISL-15120715
851	EPI-ISL-16905447_Morocco_2016	A.D.2.2	EPI-ISL-16905447
852	EPI-ISL-15120713_Morocco_2016	A.D.2.2	EPI-ISL-15120713
853	EPI-ISL-15120692_Morocco_2016	A.D.2.2	EPI-ISL-15120692
854	EPI-ISL-15120783_Morocco_2018	A.D.2.2	EPI-ISL-15120783
855	EPI-ISL-15120727_Morocco_2016	A.D.2.2	EPI-ISL-15120727
856	EPI-ISL-15120703_Morocco_2016	A.D.2.2	EPI-ISL-15120703
857	ON237307_Argentina_2017	A.D.2.2	ON237307
858	ON237318_Argentina_2017	A.D.2.2	ON237318
859	ON237323_Argentina_2017	A.D.2.2	ON237323
860	ON237357_Argentina_2017	A.D.2.2	ON237357
861	EPI-ISL-15120774_Morocco_2017	A.D.2.2	EPI-ISL-15120774
862	ON237339_Argentina_2017	A.D.2.2	ON237339
863	ON237253_Argentina_2015	A.D.2.2	ON237253
864	ON237297_Argentina_2017	A.D.2.2	ON237297
865	ON237300_Argentina_2017	A.D.2.2	ON237300
866	ON237310_Argentina_2017	A.D.2.2	ON237310
867	ON237324_Argentina_2017	A.D.2.2	ON237324
868	EPI-ISL-15120706_Morocco_2016	A.D.2.2	EPI-ISL-15120706
869	MZ516129_United-Kingdom_2019	A.D.2.2	MZ516129
870	MH383066_Lebanon_2014	A.D.2.2	MH383066
871	EPI-ISL-6494993_England_2013	A.D.2.2	EPI-ISL-6494993
872	ON237273_Argentina_2015	A.D.2.2	ON237273
873	EPI-ISL-15120777_Morocco_2017	A.D.2.2.1	EPI-ISL-15120777
874	EPI-ISL-15120721_Morocco_2016	A.D.2.2.1	EPI-ISL-15120721
875	EPI-ISL-15120738_Morocco_2017	A.D.2.2.1	EPI-ISL-15120738
876	EPI-ISL-15120745_Morocco_2017	A.D.2.2.1	EPI-ISL-15120745
877	EPI-ISL-15120739_Morocco_2017	A.D.2.2.1	EPI-ISL-15120739
878	EPI-ISL-15120723_Morocco_2016	A.D.2.2.1	EPI-ISL-15120723
879	EPI-ISL-15120743_Morocco_2017	A.D.2.2.1	EPI-ISL-15120743
880	ON237336_Argentina_2017	A.D.2.2.1	ON237336
881	ON237345_Argentina_2017	A.D.2.2.1	ON237345
882	MZ515559_United-Kingdom_2018	A.D.2.2.1	MZ515559
883	MZ515905_United-Kingdom_2018	A.D.2.2.1	MZ515905
884	MK749890_Nicaragua_2016	A.D.2.2.1	MK749890
885	MK749893_Nicaragua_2016	A.D.2.2.1	MK749893
886	MK749911_Nicaragua_2016	A.D.2.2.1	MK749911
887	MK749917_Nicaragua_2016	A.D.2.2.1	MK749917
888	MK749886_Nicaragua_2016	A.D.2.2.1	MK749886
889	MK749867_Nicaragua_2016	A.D.2.2.1	MK749867
890	ON237334_Argentina_2017	A.D.2.2.1	ON237334
891	ON237338_Argentina_2017	A.D.2.2.1	ON237338
892	MZ515804_Spain_2019	A.D.2.2.2	MZ515804
893	MZ515851_Spain_2018	A.D.2.2.2	MZ515851
894	MZ516052_Spain_2019	A.D.2.2.2	MZ516052
895	MZ516026_Netherlands_2019	A.D.2.2.2	MZ516026
896	MZ516044_Netherlands_2019	A.D.2.2.2	MZ516044
897	MZ515609_Spain_2019	A.D.2.2.2	MZ515609
898	MZ515902_Spain_2018	A.D.2.2.2	MZ515902
899	MZ515956_Spain_2019	A.D.2.2.2	MZ515956
900	MZ515887_Spain_2019	A.D.2.2.2	MZ515887
901	ON237295_Argentina_2017	A.D.2.2.2	ON237295
902	EPI-ISL-10954007_England_2017	A.D.2.2.2	EPI-ISL-10954007
903	EPI-ISL-10954008_England_2017	A.D.2.2.2	EPI-ISL-10954008
904	LR699737_United-Kingdom_2017	A.D.2.2.2	LR699737
905	MZ515575_United-Kingdom_2018	A.D.2.2.2	MZ515575
906	MZ515909_United-Kingdom_2018	A.D.2.2.2	MZ515909
907	MZ515850_United-Kingdom_2018	A.D.2.2.2	MZ515850
908	MZ516028_United-Kingdom_2018	A.D.2.2.2	MZ516028
909	MZ515569_United-Kingdom_2018	A.D.2.2.2	MZ515569
910	MZ515921_United-Kingdom_2018	A.D.2.2.2	MZ515921
911	ON237289_Argentina_2016	A.D.2.2.2	ON237289
912	ON237294_Argentina_2016	A.D.2.2.2	ON237294
913	OK649683_USA_2014	A.D	OK649683
914	ON237281_Argentina_2016	A.D	ON237281
915	ON237291_Argentina_2016	A.D	ON237291
916	ON237274_Argentina_2016	A.D	ON237274
917	ON237280_Argentina_2016	A.D	ON237280
918	ON237285_Argentina_2016	A.D	ON237285
919	ON237278_Argentina_2016	A.D	ON237278
920	ON237286_Argentina_2016	A.D	ON237286
921	ON237275_Argentina_2016	A.D	ON237275
922	ON237283_Argentina_2016	A.D	ON237283
923	ON237284_Argentina_2016	A.D	ON237284
924	MH447952_Thailand_2012	A.D	MH447952
925	MH447951_Thailand_2011	A.D	MH447951
926	MF614947_China_2013	A.D	MF614947
927	EPI-ISL-12970405_Philippines_2019	A.D	EPI-ISL-12970405
928	MH290724_China_2017	A.D	MH290724
929	MZ515866_Netherlands_2018	A.D	MZ515866
930	MN306050_USA_2019	A.D	MN306050
931	ON729319_USA_2019	A.D	ON729319
932	MZ515641_Netherlands_2018	A.D	MZ515641
933	MZ515973_Netherlands_2017	A.D	MZ515973
934	MH447960_Thailand_2017	A.D	MH447960
935	MH447957_Thailand_2016	A.D	MH447957
936	EPI-ISL-6495001_England_2013	A.D	EPI-ISL-6495001
937	ON237264_Argentina_2015	A.D	ON237264
938	MN630090_USA_2016	A.D	MN630090
939	MN630096_USA_2016	A.D	MN630096
940	MN630106_USA_2016	A.D	MN630106
941	MN630104_USA_2016	A.D	MN630104
942	KY654515_Philippines_2012	A.D	KY654515
943	KY654517_Philippines_2013	A.D	KY654517
944	KY654512_Philippines_2012	A.D	KY654512
945	KY654513_Philippines_2013	A.D	KY654513
946	KY654518_Philippines_2013	A.D	KY654518
947	EPI-ISL-6494792_England_2014	A.D	EPI-ISL-6494792
948	MW020598_Australia_2017	A.D	MW020598
949	MW020599_Australia_2017	A.D	MW020599
950	EPI-ISL-12970415_Philippines_2019	A.D	EPI-ISL-12970415
951	MW020596_Australia_2018	A.D	MW020596
952	MW020597_Australia_2018	A.D	MW020597
953	EPI-ISL-15120776_Morocco_2017	A.D	EPI-ISL-15120776
954	EPI-ISL-16905448_Morocco_2016	A.D	EPI-ISL-16905448
955	EPI-ISL-15120719_Morocco_2016	A.D	EPI-ISL-15120719
956	EPI-ISL-15120726_Morocco_2016	A.D	EPI-ISL-15120726
957	MZ515718_Netherlands_2019	A.D	MZ515718
958	MZ515913_Netherlands_2019	A.D	MZ515913
959	MZ515800_United-Kingdom_2018	A.D	MZ515800
960	MZ515802_United-Kingdom_2019	A.D	MZ515802
961	EPI-ISL-16714809_Australia_2022	A.D.3	EPI-ISL-16714809
962	EPI-ISL-14039046_Uganda_2021	A.D.3	EPI-ISL-14039046
963	MZ515666_United-Kingdom_2020	A.D.3	MZ515666
964	MZ515993_United-Kingdom_2020	A.D.3	MZ515993
965	MZ516023_United-Kingdom_2020	A.D.3	MZ516023
966	MN306017_USA_2018	A.D.3	MN306017
967	MN306045_USA_2019	A.D.3	MN306045
968	MZ515619_Spain_2019	A.D.3	MZ515619
969	EPI-ISL-11055719_South-Africa_2022	A.D.3	EPI-ISL-11055719
970	EPI-ISL-11055721_South-Africa_2022	A.D.3	EPI-ISL-11055721
971	EPI-ISL-11055720_South-Africa_2022	A.D.3	EPI-ISL-11055720
972	EPI-ISL-11055728_South-Africa_2022	A.D.3	EPI-ISL-11055728
973	EPI-ISL-12870553_South-Africa_2022	A.D.3	EPI-ISL-12870553
974	EPI-ISL-11055727_South-Africa_2022	A.D.3	EPI-ISL-11055727
975	EPI-ISL-12870547_South-Africa_2022	A.D.3	EPI-ISL-12870547
976	EPI-ISL-16714774_Australia_2022	A.D.3	EPI-ISL-16714774
977	EPI-ISL-15896178_Australia_2022	A.D.3	EPI-ISL-15896178
978	EPI-ISL-16132394_USA_2022	A.D.3	EPI-ISL-16132394
979	OQ261748_Austria_2021	A.D.3	OQ261748
980	EPI-ISL-16681183_USA_2022	A.D.3	EPI-ISL-16681183
981	MZ515668_United-Kingdom_2019	A.D.3	MZ515668
982	EPI-ISL-11055736_South-Africa_2021	A.D.3	EPI-ISL-11055736
983	EPI-ISL-6174135_Cote-dIvoire_2019	A.D.3	EPI-ISL-6174135
984	MZ516017_United-Kingdom_2019	A.D.3	MZ516017
985	EPI-ISL-6268624_China_2021	A.D.3	EPI-ISL-6268624
986	OK500256_France_2021	A.D.3	OK500256
987	MZ515693_Spain_2020	A.D.3	MZ515693
988	EPI-ISL-16132344_USA_2022	A.D.3	EPI-ISL-16132344
989	EPI-ISL-16132340_USA_2022	A.D.3	EPI-ISL-16132340
990	EPI-ISL-16132349_USA_2022	A.D.3	EPI-ISL-16132349
991	OP890340_USA_2022	A.D.3	OP890340
992	EPI-ISL-17066831_Australia_2022	A.D.3	EPI-ISL-17066831
993	EPI-ISL-16132332_USA_2022	A.D.3	EPI-ISL-16132332
994	EPI-ISL-16132391_USA_2022	A.D.3	EPI-ISL-16132391
995	MZ516039_Netherlands_2019	A.D.3	MZ516039
996	EPI-ISL-12970420_Philippines_2019	A.D.3	EPI-ISL-12970420
997	MT422271_Russia_2019	A.D.3	MT422271
998	EPI-ISL-17104707_Cambodia_2021	A.D.3	EPI-ISL-17104707
999	MN306029_USA_2019	A.D.3	MN306029
1000	EPI-ISL-16681311_USA_2022	A.D.3	EPI-ISL-16681311
1001	EPI-ISL-16132378_USA_2022	A.D.3	EPI-ISL-16132378
1002	EPI-ISL-16132356_USA_2022	A.D.3	EPI-ISL-16132356
1003	EPI-ISL-16132364_USA_2022	A.D.3	EPI-ISL-16132364
1004	ON152648_Russia_2021	A.D.3	ON152648
1005	MZ516112_United-Kingdom_2019	A.D.3	MZ516112
1006	MZ515647_United-Kingdom_2018	A.D.3	MZ515647
1007	MZ516063_United-Kingdom_2018	A.D.3	MZ516063
1008	MZ515692_Spain_2018	A.D.3	MZ515692
1009	MZ515632_Netherlands_2018	A.D.3	MZ515632
1010	MZ515731_Netherlands_2018	A.D.3	MZ515731
1011	MZ515828_Netherlands_2018	A.D.3	MZ515828
1012	MZ516110_Netherlands_2018	A.D.3	MZ516110
1013	MZ515854_United-Kingdom_2019	A.D.3	MZ515854
1014	MZ516027_United-Kingdom_2019	A.D.3	MZ516027
1015	MN306048_USA_2019	A.D.3	MN306048
1016	MT422269_Russia_2019	A.D.3	MT422269
1017	MT422270_Russia_2019	A.D.3	MT422270
1018	MZ151852_Russia_2020	A.D.3	MZ151852
1019	MZ151853_Russia_2020	A.D.3	MZ151853
1020	MZ515752_United-Kingdom_2018	A.D.3	MZ515752
1021	MZ515882_United-Kingdom_2018	A.D.3	MZ515882
1022	MZ515910_United-Kingdom_2019	A.D.3	MZ515910
1023	MZ515923_United-Kingdom_2019	A.D.3	MZ515923
1024	MZ515555_United-Kingdom_2019	A.D.3	MZ515555
1025	MZ515679_United-Kingdom_2020	A.D.3	MZ515679
1026	MZ515723_United-Kingdom_2019	A.D.3	MZ515723
1027	MZ515928_United-Kingdom_2019	A.D.3	MZ515928
1028	EPI-ISL-6268619_China_2020	A.D.3	EPI-ISL-6268619
1029	EPI-ISL-15896171_Australia_2022	A.D.3.1	EPI-ISL-15896171
1030	EPI-ISL-15896166_Australia_2022	A.D.3.1	EPI-ISL-15896166
1031	EPI-ISL-15896195_Australia_2022	A.D.3.1	EPI-ISL-15896195
1032	EPI-ISL-16714786_Australia_2022	A.D.3.1	EPI-ISL-16714786
1033	EPI-ISL-17066802_Australia_2022	A.D.3.1	EPI-ISL-17066802
1034	EPI-ISL-15896181_Australia_2022	A.D.3.1	EPI-ISL-15896181
1035	EPI-ISL-17066819_Australia_2022	A.D.3.1	EPI-ISL-17066819
1036	EPI-ISL-15896199_Australia_2022	A.D.3.1	EPI-ISL-15896199
1037	EPI-ISL-15896168_Australia_2022	A.D.3.1	EPI-ISL-15896168
1038	EPI-ISL-15896189_Australia_2022	A.D.3.1	EPI-ISL-15896189
1039	EPI-ISL-15896222_Australia_2022	A.D.3.1	EPI-ISL-15896222
1040	EPI-ISL-15896198_Australia_2022	A.D.3.1	EPI-ISL-15896198
1041	EPI-ISL-15896188_Australia_2022	A.D.3.1	EPI-ISL-15896188
1042	EPI-ISL-16714770_Australia_2022	A.D.3.1	EPI-ISL-16714770
1043	EPI-ISL-15896169_Australia_2022	A.D.3.1	EPI-ISL-15896169
1044	EPI-ISL-16714780_Australia_2022	A.D.3.1	EPI-ISL-16714780
1045	EPI-ISL-17066777_Australia_2022	A.D.3.1	EPI-ISL-17066777
1046	EPI-ISL-15896176_Australia_2022	A.D.3.1	EPI-ISL-15896176
1047	EPI-ISL-15896187_Australia_2022	A.D.3.1	EPI-ISL-15896187
1048	EPI-ISL-17066824_Australia_2022	A.D.3.1	EPI-ISL-17066824
1049	EPI-ISL-16714800_Australia_2022	A.D.3.1	EPI-ISL-16714800
1050	EPI-ISL-17066793_Australia_2022	A.D.3.1	EPI-ISL-17066793
1051	EPI-ISL-15896183_Australia_2022	A.D.3.1	EPI-ISL-15896183
1052	EPI-ISL-15896143_Australia_2022	A.D.3.1	EPI-ISL-15896143
1053	EPI-ISL-17066788_Australia_2022	A.D.3.1	EPI-ISL-17066788
1054	EPI-ISL-15896194_Australia_2022	A.D.3.1	EPI-ISL-15896194
1055	EPI-ISL-17066828_Australia_2022	A.D.3.1	EPI-ISL-17066828
1056	EPI-ISL-17066833_Australia_2022	A.D.3.1	EPI-ISL-17066833
1057	EPI-ISL-15896175_Australia_2022	A.D.3.1	EPI-ISL-15896175
1058	EPI-ISL-16714747_Australia_2022	A.D.3.1	EPI-ISL-16714747
1059	EPI-ISL-16714749_Australia_2022	A.D.3.1	EPI-ISL-16714749
1060	EPI-ISL-15896203_Australia_2022	A.D.3.1	EPI-ISL-15896203
1061	EPI-ISL-17066776_Australia_2022	A.D.3.1	EPI-ISL-17066776
1062	EPI-ISL-16714745_Australia_2022	A.D.3.1	EPI-ISL-16714745
1063	EPI-ISL-17066827_Australia_2022	A.D.3.1	EPI-ISL-17066827
1064	EPI-ISL-15896294_Australia_2022	A.D.3.1	EPI-ISL-15896294
1065	EPI-ISL-15896152_Australia_2022	A.D.3.1	EPI-ISL-15896152
1066	EPI-ISL-15896149_Australia_2022	A.D.3.1	EPI-ISL-15896149
1067	EPI-ISL-16714791_Australia_2022	A.D.3.1	EPI-ISL-16714791
1068	EPI-ISL-15896148_Australia_2022	A.D.3.1	EPI-ISL-15896148
1069	EPI-ISL-15896162_Australia_2022	A.D.3.1	EPI-ISL-15896162
1070	EPI-ISL-15896144_Australia_2022	A.D.3.1	EPI-ISL-15896144
1071	EPI-ISL-15896234_Australia_2022	A.D.3.1	EPI-ISL-15896234
1072	EPI-ISL-15896145_Australia_2022	A.D.3.1	EPI-ISL-15896145
1073	EPI-ISL-16714797_Australia_2022	A.D.3.1	EPI-ISL-16714797
1074	EPI-ISL-17066834_Australia_2022	A.D.3.1	EPI-ISL-17066834
1075	EPI-ISL-15896179_Australia_2022	A.D.3.1	EPI-ISL-15896179
1076	EPI-ISL-16714795_Australia_2022	A.D.3.1	EPI-ISL-16714795
1077	EPI-ISL-15896167_Australia_2022	A.D.3.1	EPI-ISL-15896167
1078	EPI-ISL-16714789_Australia_2022	A.D.3.1	EPI-ISL-16714789
1079	EPI-ISL-15896211_Australia_2022	A.D.3.1	EPI-ISL-15896211
1080	EPI-ISL-15896158_Australia_2022	A.D.3.1	EPI-ISL-15896158
1081	EPI-ISL-16714781_Australia_2022	A.D.3.1	EPI-ISL-16714781
1082	EPI-ISL-15896170_Australia_2022	A.D.3.1	EPI-ISL-15896170
1083	EPI-ISL-15896218_Australia_2022	A.D.3.1	EPI-ISL-15896218
1084	EPI-ISL-15896159_Australia_2022	A.D.3.1	EPI-ISL-15896159
1085	EPI-ISL-15896182_Australia_2022	A.D.3.1	EPI-ISL-15896182
1086	EPI-ISL-15896151_Australia_2022	A.D.3.1	EPI-ISL-15896151
1087	EPI-ISL-16839035_Scotland_2022	A.D.3.1	EPI-ISL-16839035
1088	MH181933_Kenya_2012	A.D.4	MH181933
1089	MH181938_Kenya_2012	A.D.4	MH181938
1090	MH181956_Kenya_2012	A.D.4	MH181956
1091	MH181974_Kenya_2012	A.D.4	MH181974
1092	MH182025_Kenya_2014	A.D.4	MH182025
1093	MH181934_Kenya_2012	A.D.4	MH181934
1094	MH181982_Kenya_2013	A.D.4	MH181982
1095	MH181972_Kenya_2012	A.D.4	MH181972
1096	MH181960_Kenya_2012	A.D.4	MH181960
1097	MH181977_Kenya_2012	A.D.4	MH181977
1098	MH181949_Kenya_2012	A.D.4	MH181949
1099	MH181987_Kenya_2013	A.D.4	MH181987
1100	MH181911_Kenya_2012	A.D.4	MH181911
1101	MH181976_Kenya_2012	A.D.4	MH181976
1102	MH181914_Kenya_2012	A.D.4	MH181914
1103	EPI-ISL-6494958_England_2012	A.D.4	EPI-ISL-6494958
1104	EPI-ISL-6494970_England_2012	A.D.4	EPI-ISL-6494970
1105	EPI-ISL-6494971_England_2012	A.D.4	EPI-ISL-6494971
1106	EPI-ISL-6494997_England_2013	A.D.4	EPI-ISL-6494997
1107	KY654516_Philippines_2013	A.D.4	KY654516
1108	EPI-ISL-15120675_Morocco_2014	A.D.4	EPI-ISL-15120675
1109	MH181958_Kenya_2012	A.D.4.1	MH181958
1110	MH181980_Kenya_2013	A.D.4.1	MH181980
1111	MH181984_Kenya_2013	A.D.4.1	MH181984
1112	MH181969_Kenya_2012	A.D.4.1	MH181969
1113	MH181935_Kenya_2012	A.D.4.1	MH181935
1114	MH181967_Kenya_2012	A.D.4.1	MH181967
1115	MH181951_Kenya_2012	A.D.4.1	MH181951
1116	MH181952_Kenya_2012	A.D.4.1	MH181952
1117	MH181979_Kenya_2013	A.D.4.1	MH181979
1118	MH181941_Kenya_2012	A.D.4.1	MH181941
1119	MH181986_Kenya_2013	A.D.4.1	MH181986
1120	MH181983_Kenya_2013	A.D.4.1	MH181983
1121	MH181978_Kenya_2013	A.D.4.1	MH181978
1122	MH181926_Kenya_2012	A.D.4.1	MH181926
1123	MH181932_Kenya_2012	A.D.4.1	MH181932
1124	MH181916_Kenya_2012	A.D.4.1	MH181916
1125	MH181966_Kenya_2012	A.D.4.1	MH181966
1126	MH181973_Kenya_2012	A.D.4.1	MH181973
1127	MH181963_Kenya_2012	A.D.4.1	MH181963
1128	MH181927_Kenya_2012	A.D.4.1	MH181927
1129	MH181959_Kenya_2012	A.D.4.1	MH181959
1130	MH181981_Kenya_2013	A.D.4.1	MH181981
1131	MH181985_Kenya_2013	A.D.4.1	MH181985
1132	MH181954_Kenya_2012	A.D.4.1	MH181954
1133	MH181936_Kenya_2012	A.D.4.1	MH181936
1134	MH181945_Kenya_2012	A.D.4.1	MH181945
1135	MH181950_Kenya_2012	A.D.4.1	MH181950
1136	MH181943_Kenya_2012	A.D.4.1	MH181943
1137	MH181946_Kenya_2012	A.D.4.1	MH181946
1138	MH181929_Kenya_2012	A.D.4.1	MH181929
1139	MH181940_Kenya_2012	A.D.4.1	MH181940
1140	MH181915_Kenya_2012	A.D.4.1	MH181915
1141	MH181920_Kenya_2012	A.D.4.1	MH181920
1142	MH181908_Kenya_2012	A.D.4.1	MH181908
1143	MH181937_Kenya_2012	A.D.4.1	MH181937
1144	MH181955_Kenya_2012	A.D.4.1	MH181955
1145	MH181970_Kenya_2012	A.D.4.1	MH181970
1146	MH181971_Kenya_2012	A.D.4.1	MH181971
1147	MH181964_Kenya_2012	A.D.4.1	MH181964
1148	MH181957_Kenya_2012	A.D.4.1	MH181957
1149	MH181939_Kenya_2012	A.D.4.1	MH181939
1150	MH181947_Kenya_2012	A.D.4.1	MH181947
1151	MH181961_Kenya_2012	A.D.4.1	MH181961
1152	MH181953_Kenya_2012	A.D.4.1	MH181953
1153	MH181965_Kenya_2012	A.D.4.1	MH181965
1154	MH181948_Kenya_2012	A.D.4.1	MH181948
1155	MH181962_Kenya_2012	A.D.4.1	MH181962
1156	MH181975_Kenya_2012	A.D.4.1	MH181975
1157	MH181919_Kenya_2012	A.D.4.1	MH181919
1158	MH181913_Kenya_2012	A.D.4.1	MH181913
1159	MH181917_Kenya_2012	A.D.4.1	MH181917
1160	MH181910_Kenya_2012	A.D.4.1	MH181910
1161	MH181925_Kenya_2012	A.D.4.1	MH181925
1162	MH181909_Kenya_2012	A.D.4.1	MH181909
1163	MH181912_Kenya_2012	A.D.4.1	MH181912
1164	MH181921_Kenya_2012	A.D.4.1	MH181921
1165	MH181918_Kenya_2012	A.D.4.1	MH181918
1166	MH182054_Kenya_2016	A.D.4.2	MH182054
1167	MH182030_Kenya_2015	A.D.4.2	MH182030
1168	MH182036_Kenya_2015	A.D.4.2	MH182036
1169	MH182013_Kenya_2014	A.D.4.2	MH182013
1170	MH182020_Kenya_2014	A.D.4.2	MH182020
1171	MH182008_Kenya_2014	A.D.4.2	MH182008
1172	MH182010_Kenya_2014	A.D.4.2	MH182010
1173	MH182032_Kenya_2015	A.D.4.2	MH182032
1174	MH182021_Kenya_2014	A.D.4.2	MH182021
1175	MH182050_Kenya_2015	A.D.4.2	MH182050
1176	MH182049_Kenya_2015	A.D.4.2	MH182049
1177	MH182028_Kenya_2015	A.D.4.2	MH182028
1178	MH182014_Kenya_2014	A.D.4.2	MH182014
1179	MH181992_Kenya_2013	A.D.4.2	MH181992
1180	MH181991_Kenya_2013	A.D.4.2	MH181991
1181	MH182060_Kenya_2016	A.D.4.2	MH182060
1182	MH182061_Kenya_2016	A.D.4.2	MH182061
1183	MH182019_Kenya_2014	A.D.4.2	MH182019
1184	MH182044_Kenya_2015	A.D.4.2	MH182044
1185	MH182045_Kenya_2015	A.D.4.2	MH182045
1186	MH182051_Kenya_2015	A.D.4.2	MH182051
1187	MH182043_Kenya_2015	A.D.4.2	MH182043
1188	MH182059_Kenya_2016	A.D.4.2	MH182059
1189	MH182018_Kenya_2014	A.D.4.2	MH182018
1190	MH182029_Kenya_2015	A.D.4.2	MH182029
1191	MH182035_Kenya_2015	A.D.4.2	MH182035
1192	MH182012_Kenya_2014	A.D.4.2	MH182012
1193	MH182027_Kenya_2014	A.D.4.2	MH182027
1194	MH182037_Kenya_2015	A.D.4.2	MH182037
1195	MH182011_Kenya_2014	A.D.4.2	MH182011
1196	MH182016_Kenya_2014	A.D.4.2	MH182016
1197	MH182003_Kenya_2014	A.D.4.2	MH182003
1198	MH182001_Kenya_2014	A.D.4.2	MH182001
1199	MH182031_Kenya_2015	A.D.4.2	MH182031
1200	MH181997_Kenya_2013	A.D.4.2	MH181997
1201	MH181998_Kenya_2014	A.D.4.2	MH181998
1202	EPI-ISL-11055715_South-Africa_2021	A.D.4.2.1	EPI-ISL-11055715
1203	EPI-ISL-12529644_South-Africa_2021	A.D.4.2.1	EPI-ISL-12529644
1204	EPI-ISL-11055735_South-Africa_2021	A.D.4.2.1	EPI-ISL-11055735
1205	EPI-ISL-12529634_South-Africa_2021	A.D.4.2.1	EPI-ISL-12529634
1206	EPI-ISL-12529647_South-Africa_2021	A.D.4.2.1	EPI-ISL-12529647
1207	EPI-ISL-11055743_South-Africa_2021	A.D.4.2.1	EPI-ISL-11055743
1208	EPI-ISL-12870543_South-Africa_2022	A.D.4.2.1	EPI-ISL-12870543
1209	EPI-ISL-12870544_South-Africa_2022	A.D.4.2.1	EPI-ISL-12870544
1210	EPI-ISL-11055737_South-Africa_2021	A.D.4.2.1	EPI-ISL-11055737
1211	EPI-ISL-11055718_South-Africa_2022	A.D.4.2.1	EPI-ISL-11055718
1212	EPI-ISL-12529657_South-Africa_2021	A.D.4.2.1	EPI-ISL-12529657
1213	EPI-ISL-12529635_South-Africa_2021	A.D.4.2.1	EPI-ISL-12529635
1214	EPI-ISL-12529638_South-Africa_2021	A.D.4.2.1	EPI-ISL-12529638
1215	EPI-ISL-11055749_South-Africa_2021	A.D.4.2.1	EPI-ISL-11055749
1216	EPI-ISL-12529643_South-Africa_2021	A.D.4.2.1	EPI-ISL-12529643
1217	EPI-ISL-11055742_South-Africa_2021	A.D.4.2.1	EPI-ISL-11055742
1218	EPI-ISL-12529640_South-Africa_2021	A.D.4.2.1	EPI-ISL-12529640
1219	EPI-ISL-12529645_South-Africa_2021	A.D.4.2.1	EPI-ISL-12529645
1220	EPI-ISL-11055716_South-Africa_2021	A.D.4.2.1	EPI-ISL-11055716
1221	EPI-ISL-12529639_South-Africa_2021	A.D.4.2.1	EPI-ISL-12529639
1222	EPI-ISL-12529646_South-Africa_2021	A.D.4.2.1	EPI-ISL-12529646
1223	EPI-ISL-11055738_South-Africa_2021	A.D.4.2.1	EPI-ISL-11055738
1224	EPI-ISL-12529642_South-Africa_2021	A.D.4.2.1	EPI-ISL-12529642
1225	EPI-ISL-11055752_South-Africa_2021	A.D.4.2.1	EPI-ISL-11055752
1226	MZ515682_United-Kingdom_2019	A.D.4.2.1	MZ515682
1227	EPI-ISL-11055717_South-Africa_2021	A.D.4.2.1	EPI-ISL-11055717
1228	EPI-ISL-15120670_Morocco_2014	A.D.4.3x	EPI-ISL-15120670
1229	ON237271_Argentina_2015	A.D.4.3x	ON237271
1230	EPI-ISL-15120672_Morocco_2014	A.D.4.3x	EPI-ISL-15120672
1231	EPI-ISL-15120671_Morocco_2014	A.D.4.3x	EPI-ISL-15120671
1232	EPI-ISL-15120673_Morocco_2014	A.D.4.3x	EPI-ISL-15120673
1233	EPI-ISL-6494820_England_2016	A.D.4.3x	EPI-ISL-6494820
1234	EPI-ISL-15055315_Argentina_2019	A.D.4.3	EPI-ISL-15055315
1235	EPI-ISL-15055318_Argentina_2019	A.D.4.3	EPI-ISL-15055318
1236	EPI-ISL-15120786_Morocco_2019	A.D.4.3	EPI-ISL-15120786
1237	EPI-ISL-6494822_England_2016	A.D.4.3	EPI-ISL-6494822
1238	EPI-ISL-15120775_Morocco_2017	A.D.4.3	EPI-ISL-15120775
1239	EPI-ISL-15120781_Morocco_2018	A.D.4.3	EPI-ISL-15120781
1240	ON237320_Argentina_2017	A.D.4.3	ON237320
1241	MZ515782_United-Kingdom_2018	A.D.4.3	MZ515782
1242	EPI-ISL-15120780_Morocco_2018	A.D.4.3	EPI-ISL-15120780
1243	EPI-ISL-12970407_Philippines_2019	A.D.4.3	EPI-ISL-12970407
1244	EPI-ISL-12970409_Philippines_2019	A.D.4.3	EPI-ISL-12970409
1245	EPI-ISL-12970417_Philippines_2019	A.D.4.3	EPI-ISL-12970417
1246	EPI-ISL-12970411_Philippines_2019	A.D.4.3	EPI-ISL-12970411
1247	EPI-ISL-12970421_Philippines_2019	A.D.4.3	EPI-ISL-12970421
1248	EPI-ISL-12970412_Philippines_2019	A.D.4.3	EPI-ISL-12970412
1249	EPI-ISL-12970413_Philippines_2019	A.D.4.3	EPI-ISL-12970413
1250	EPI-ISL-17417579_Philippines_2019	A.D.4.3	EPI-ISL-17417579
1251	EPI-ISL-12970403_Philippines_2019	A.D.4.3	EPI-ISL-12970403
1252	EPI-ISL-12970408_Philippines_2019	A.D.4.3	EPI-ISL-12970408
1253	EPI-ISL-17417584_Philippines_2020	A.D.4.3	EPI-ISL-17417584
1254	MZ515825_Netherlands_2019	A.D.4.3	MZ515825
1255	EPI-ISL-13297850_Belgium_2022	A.D.4.3	EPI-ISL-13297850
1256	MZ515592_Netherlands_2019	A.D.4.3	MZ515592
1257	MZ515884_Netherlands_2019	A.D.4.3	MZ515884
1258	MZ516134_Netherlands_2019	A.D.4.3	MZ516134
1259	MZ515616_Netherlands_2019	A.D.4.3	MZ515616
1260	MZ515780_Netherlands_2019	A.D.4.3	MZ515780
1261	EPI-ISL-6208724_Egypt_2020	A.D.4.3	EPI-ISL-6208724
1262	EPI-ISL-6208725_Egypt_2020	A.D.4.3	EPI-ISL-6208725
1263	EPI-ISL-6208727_Egypt_2020	A.D.4.3	EPI-ISL-6208727
1264	EPI-ISL-16959620_New-Zealand_2021	A.D.4.3	EPI-ISL-16959620
1265	EPI-ISL-12970416_Philippines_2019	A.D.4.3	EPI-ISL-12970416
1266	EPI-ISL-17417581_Philippines_2019	A.D.4.3	EPI-ISL-17417581
1267	EPI-ISL-12970419_Philippines_2019	A.D.4.3	EPI-ISL-12970419
1268	EPI-ISL-17417592_Philippines_2020	A.D.4.3	EPI-ISL-17417592
1269	EPI-ISL-12970414_Philippines_2019	A.D.4.3	EPI-ISL-12970414
1270	EPI-ISL-17417595_Philippines_2019	A.D.4.3	EPI-ISL-17417595
1271	EPI-ISL-17417583_Philippines_2020	A.D.4.3	EPI-ISL-17417583
1272	EPI-ISL-17417598_Philippines_2020	A.D.4.3	EPI-ISL-17417598
1273	EPI-ISL-16839032_Scotland_2022	A.D.4.3	EPI-ISL-16839032
1274	EPI-ISL-16839038_Scotland_2022	A.D.4.3.1x	EPI-ISL-16839038
1275	EPI-ISL-16132363_USA_2022	A.D.4.3.1x	EPI-ISL-16132363
1276	MZ515567_United-Kingdom_2019	A.D.4.3.1x	MZ515567
1277	MZ516012_United-Kingdom_2019	A.D.4.3.1x	MZ516012
1278	EPI-ISL-11055729_South-Africa_2022	A.D.4.3.1	EPI-ISL-11055729
1279	EPI-ISL-11055731_South-Africa_2022	A.D.4.3.1	EPI-ISL-11055731
1280	EPI-ISL-12529637_South-Africa_2021	A.D.4.3.1	EPI-ISL-12529637
1281	EPI-ISL-11055748_South-Africa_2021	A.D.4.3.1	EPI-ISL-11055748
1282	EPI-ISL-11055760_South-Africa_2021	A.D.4.3.1	EPI-ISL-11055760
1283	EPI-ISL-11055726_South-Africa_2022	A.D.4.3.1	EPI-ISL-11055726
1284	EPI-ISL-14769848_South-Africa_2022	A.D.4.3.1	EPI-ISL-14769848
1285	EPI-ISL-11055722_South-Africa_2022	A.D.4.3.1	EPI-ISL-11055722
1286	EPI-ISL-11055753_South-Africa_2021	A.D.4.3.1	EPI-ISL-11055753
1287	EPI-ISL-11055755_South-Africa_2021	A.D.4.3.1	EPI-ISL-11055755
1288	EPI-ISL-11055747_South-Africa_2021	A.D.4.3.1	EPI-ISL-11055747
1289	EPI-ISL-11055768_South-Africa_2022	A.D.4.3.1	EPI-ISL-11055768
1290	EPI-ISL-11055745_South-Africa_2021	A.D.4.3.1	EPI-ISL-11055745
1291	MZ515749_United-Kingdom_2019	A.D.4.3.1x	MZ515749
1292	EPI-ISL-16681284_USA_2022	A.D.4.3.2	EPI-ISL-16681284
1293	EPI-ISL-16132351_USA_2022	A.D.4.3.2	EPI-ISL-16132351
1294	EPI-ISL-16681285_USA_2022	A.D.4.3.2	EPI-ISL-16681285
1295	EPI-ISL-16132339_USA_2022	A.D.4.3.2	EPI-ISL-16132339
1296	EPI-ISL-16681408_USA_2022	A.D.4.3.2	EPI-ISL-16681408
1297	EPI-ISL-16132353_USA_2022	A.D.4.3.2	EPI-ISL-16132353
1298	EPI-ISL-16132404_USA_2022	A.D.4.3.2	EPI-ISL-16132404
1299	EPI-ISL-16132389_USA_2022	A.D.4.3.2	EPI-ISL-16132389
1300	EPI-ISL-16132407_USA_2022	A.D.4.3.2	EPI-ISL-16132407
1301	EPI-ISL-16132397_USA_2022	A.D.4.3.2	EPI-ISL-16132397
1302	EPI-ISL-16132392_USA_2022	A.D.4.3.2	EPI-ISL-16132392
1303	EPI-ISL-16132396_USA_2022	A.D.4.3.2	EPI-ISL-16132396
1304	EPI-ISL-16132408_USA_2022	A.D.4.3.2	EPI-ISL-16132408
1305	EPI-ISL-16132398_USA_2022	A.D.4.3.2	EPI-ISL-16132398
1306	EPI-ISL-16132395_USA_2022	A.D.4.3.2	EPI-ISL-16132395
1307	OP890339_USA_2022	A.D.4.3.2	OP890339
1308	EPI-ISL-16681259_USA_2022	A.D.4.3.2	EPI-ISL-16681259
1309	EPI-ISL-16681336_USA_2022	A.D.4.3.2	EPI-ISL-16681336
1310	OQ171929_USA_2022	A.D.4.3.2	OQ171929
1311	EPI-ISL-16132361_USA_2022	A.D.4.3.2	EPI-ISL-16132361
1312	EPI-ISL-16132348_USA_2022	A.D.4.3.2	EPI-ISL-16132348
1313	EPI-ISL-16132350_USA_2022	A.D.4.3.2	EPI-ISL-16132350
1314	EPI-ISL-16132334_USA_2022	A.D.4.3.2	EPI-ISL-16132334
1315	EPI-ISL-16132405_USA_2022	A.D.4.3.2	EPI-ISL-16132405
1316	EPI-ISL-16132338_USA_2022	A.D.4.3.2	EPI-ISL-16132338
1317	EPI-ISL-16132390_USA_2022	A.D.4.3.2	EPI-ISL-16132390
1318	OP890338_USA_2022	A.D.4.3.2	OP890338
1319	EPI-ISL-16132393_USA_2022	A.D.4.3.2	EPI-ISL-16132393
1320	EPI-ISL-16132328_USA_2021	A.D.4.3.2	EPI-ISL-16132328
1321	EPI-ISL-16132403_USA_2022	A.D.4.3.2	EPI-ISL-16132403
1322	EPI-ISL-16132399_USA_2022	A.D.4.3.2	EPI-ISL-16132399
1323	EPI-ISL-16132406_USA_2022	A.D.4.3.2	EPI-ISL-16132406
1324	EPI-ISL-16132377_USA_2022	A.D.4.3.2	EPI-ISL-16132377
1325	EPI-ISL-15055323_Argentina_2021	A.D.4.3.2	EPI-ISL-15055323
1326	EPI-ISL-15055327_Argentina_2021	A.D.4.3.2	EPI-ISL-15055327
1327	EPI-ISL-15055325_Argentina_2021	A.D.4.3.2	EPI-ISL-15055325
1328	EPI-ISL-15055328_Argentina_2021	A.D.4.3.2	EPI-ISL-15055328
1329	EPI-ISL-15750188_France_2021	A.D.4.3.2	EPI-ISL-15750188
1330	EPI-ISL-15750189_France_2021	A.D.4.3.2	EPI-ISL-15750189
1331	EPI-ISL-15750198_France_2021	A.D.4.3.2	EPI-ISL-15750198
1332	EPI-ISL-15750187_France_2021	A.D.4.3.2	EPI-ISL-15750187
1333	EPI-ISL-16132368_USA_2022	A.D.4.3.2	EPI-ISL-16132368
1334	OK500260_France_2021	A.D.4.3.2	OK500260
1335	EPI-ISL-16132355_USA_2022	A.D.4.3.2	EPI-ISL-16132355
1336	EPI-ISL-16959692_New-Zealand_2021	A.D.4.3.3	EPI-ISL-16959692
1337	EPI-ISL-16960046_New-Zealand_2021	A.D.4.3.3	EPI-ISL-16960046
1338	EPI-ISL-16959743_New-Zealand_2021	A.D.4.3.3	EPI-ISL-16959743
1339	EPI-ISL-16959831_New-Zealand_2021	A.D.4.3.3	EPI-ISL-16959831
1340	EPI-ISL-16959943_New-Zealand_2021	A.D.4.3.3	EPI-ISL-16959943
1341	EPI-ISL-16960099_New-Zealand_2021	A.D.4.3.3	EPI-ISL-16960099
1342	EPI-ISL-16959575_New-Zealand_2021	A.D.4.3.3	EPI-ISL-16959575
1343	EPI-ISL-16959881_New-Zealand_2021	A.D.4.3.3	EPI-ISL-16959881
1344	EPI-ISL-16959617_New-Zealand_2021	A.D.4.3.3	EPI-ISL-16959617
1345	EPI-ISL-16959772_New-Zealand_2021	A.D.4.3.3	EPI-ISL-16959772
1346	EPI-ISL-16959885_New-Zealand_2021	A.D.4.3.3	EPI-ISL-16959885
1347	EPI-ISL-16960064_New-Zealand_2021	A.D.4.3.3	EPI-ISL-16960064
1348	EPI-ISL-16959659_New-Zealand_2021	A.D.4.3.3	EPI-ISL-16959659
1349	EPI-ISL-16959728_New-Zealand_2021	A.D.4.3.3	EPI-ISL-16959728
1350	EPI-ISL-16959750_New-Zealand_2021	A.D.4.3.3	EPI-ISL-16959750
1351	EPI-ISL-16959819_New-Zealand_2021	A.D.4.3.3	EPI-ISL-16959819
1352	EPI-ISL-16959706_New-Zealand_2021	A.D.4.3.3	EPI-ISL-16959706
1353	EPI-ISL-16959751_New-Zealand_2021	A.D.4.3.3	EPI-ISL-16959751
1354	EPI-ISL-16959945_New-Zealand_2021	A.D.4.3.3	EPI-ISL-16959945
1355	EPI-ISL-16959656_New-Zealand_2021	A.D.4.3.3	EPI-ISL-16959656
1356	EPI-ISL-16959661_New-Zealand_2021	A.D.4.3.3	EPI-ISL-16959661
1357	EPI-ISL-16959746_New-Zealand_2021	A.D.4.3.3	EPI-ISL-16959746
1358	EPI-ISL-16960023_New-Zealand_2021	A.D.4.3.3	EPI-ISL-16960023
1359	EPI-ISL-16959820_New-Zealand_2021	A.D.4.3.3	EPI-ISL-16959820
1360	EPI-ISL-16959954_New-Zealand_2021	A.D.4.3.3	EPI-ISL-16959954
1361	EPI-ISL-16959671_New-Zealand_2021	A.D.4.3.3	EPI-ISL-16959671
1362	EPI-ISL-16959846_New-Zealand_2021	A.D.4.3.3	EPI-ISL-16959846
1363	EPI-ISL-16959574_New-Zealand_2021	A.D.4.3.3	EPI-ISL-16959574
1364	EPI-ISL-16959975_New-Zealand_2021	A.D.4.3.3	EPI-ISL-16959975
1365	EPI-ISL-16959648_New-Zealand_2021	A.D.4.3.3	EPI-ISL-16959648
1366	EPI-ISL-16959863_New-Zealand_2021	A.D.4.3.3	EPI-ISL-16959863
1367	EPI-ISL-16959641_New-Zealand_2021	A.D.4.3.3	EPI-ISL-16959641
1368	EPI-ISL-16959643_New-Zealand_2021	A.D.4.3.3	EPI-ISL-16959643
1369	EPI-ISL-16959736_New-Zealand_2021	A.D.4.3.3	EPI-ISL-16959736
1370	EPI-ISL-16959834_New-Zealand_2021	A.D.4.3.3	EPI-ISL-16959834
1371	EPI-ISL-16959720_New-Zealand_2021	A.D.4.3.3	EPI-ISL-16959720
1372	EPI-ISL-16959942_New-Zealand_2021	A.D.4.3.3	EPI-ISL-16959942
1373	EPI-ISL-16959714_New-Zealand_2021	A.D.4.3.3	EPI-ISL-16959714
1374	EPI-ISL-16959534_New-Zealand_2021	A.D.4.3.3	EPI-ISL-16959534
1375	EPI-ISL-16959630_New-Zealand_2021	A.D.4.3.3	EPI-ISL-16959630
1376	EPI-ISL-16960065_New-Zealand_2021	A.D.4.3.3	EPI-ISL-16960065
1377	EPI-ISL-16960050_New-Zealand_2021	A.D.4.3.3	EPI-ISL-16960050
1378	EPI-ISL-16959627_New-Zealand_2021	A.D.4.3.3	EPI-ISL-16959627
1379	EPI-ISL-16960061_New-Zealand_2021	A.D.4.3.3	EPI-ISL-16960061
1380	EPI-ISL-16959871_New-Zealand_2021	A.D.4.3.3	EPI-ISL-16959871
1381	EPI-ISL-16959759_New-Zealand_2021	A.D.4.3.3	EPI-ISL-16959759
1382	EPI-ISL-16960129_New-Zealand_2021	A.D.4.3.3	EPI-ISL-16960129
1383	EPI-ISL-16959758_New-Zealand_2021	A.D.4.3.3	EPI-ISL-16959758
1384	EPI-ISL-16959653_New-Zealand_2021	A.D.4.3.3	EPI-ISL-16959653
1385	EPI-ISL-16960012_New-Zealand_2021	A.D.4.3.3	EPI-ISL-16960012
1386	EPI-ISL-16959757_New-Zealand_2021	A.D.4.3.3	EPI-ISL-16959757
1387	EPI-ISL-16959632_New-Zealand_2021	A.D.4.3.3	EPI-ISL-16959632
1388	EPI-ISL-16959829_New-Zealand_2021	A.D.4.3.3	EPI-ISL-16959829
1389	EPI-ISL-16959567_New-Zealand_2021	A.D.4.3.3	EPI-ISL-16959567
1390	EPI-ISL-16959773_New-Zealand_2021	A.D.4.3.3	EPI-ISL-16959773
1391	EPI-ISL-16959995_New-Zealand_2021	A.D.4.3.3	EPI-ISL-16959995
1392	EPI-ISL-16959700_New-Zealand_2021	A.D.4.3.3	EPI-ISL-16959700
1393	EPI-ISL-16960038_New-Zealand_2021	A.D.4.3.3	EPI-ISL-16960038
1394	EPI-ISL-16959745_New-Zealand_2021	A.D.4.3.3	EPI-ISL-16959745
1395	EPI-ISL-16959665_New-Zealand_2021	A.D.4.3.3	EPI-ISL-16959665
1396	EPI-ISL-16960082_New-Zealand_2021	A.D.4.3.3	EPI-ISL-16960082
1397	EPI-ISL-16959622_New-Zealand_2021	A.D.4.3.3	EPI-ISL-16959622
1398	EPI-ISL-16960111_New-Zealand_2021	A.D.4.3.3	EPI-ISL-16960111
1399	EPI-ISL-16959833_New-Zealand_2021	A.D.4.3.3	EPI-ISL-16959833
1400	EPI-ISL-16959957_New-Zealand_2021	A.D.4.3.3	EPI-ISL-16959957
1401	EPI-ISL-16960048_New-Zealand_2021	A.D.4.3.3	EPI-ISL-16960048
1402	EPI-ISL-16960049_New-Zealand_2021	A.D.4.3.3	EPI-ISL-16960049
1403	EPI-ISL-16960081_New-Zealand_2021	A.D.4.3.3	EPI-ISL-16960081
1404	EPI-ISL-16959603_New-Zealand_2021	A.D.4.3.3	EPI-ISL-16959603
1405	EPI-ISL-16960088_New-Zealand_2021	A.D.4.3.3	EPI-ISL-16960088
1406	EPI-ISL-16959604_New-Zealand_2021	A.D.4.3.3	EPI-ISL-16959604
1407	EPI-ISL-16959710_New-Zealand_2021	A.D.4.3.3	EPI-ISL-16959710
1408	EPI-ISL-16959948_New-Zealand_2021	A.D.4.3.3	EPI-ISL-16959948
1409	EPI-ISL-16959694_New-Zealand_2021	A.D.4.3.3	EPI-ISL-16959694
1410	EPI-ISL-16959883_New-Zealand_2021	A.D.4.3.3	EPI-ISL-16959883
1411	EPI-ISL-16960076_New-Zealand_2021	A.D.4.3.3	EPI-ISL-16960076
1412	EPI-ISL-16959635_New-Zealand_2021	A.D.4.3.3	EPI-ISL-16959635
1413	EPI-ISL-16959722_New-Zealand_2021	A.D.4.3.3	EPI-ISL-16959722
1414	EPI-ISL-16959606_New-Zealand_2021	A.D.4.3.3	EPI-ISL-16959606
1415	EPI-ISL-16959686_New-Zealand_2021	A.D.4.3.3	EPI-ISL-16959686
1416	EPI-ISL-16959886_New-Zealand_2021	A.D.4.3.3	EPI-ISL-16959886
1417	EPI-ISL-16959748_New-Zealand_2021	A.D.4.3.3	EPI-ISL-16959748
1418	EPI-ISL-16959693_New-Zealand_2021	A.D.4.3.3	EPI-ISL-16959693
1419	EPI-ISL-16960011_New-Zealand_2021	A.D.4.3.3	EPI-ISL-16960011
1420	EPI-ISL-16960057_New-Zealand_2021	A.D.4.3.3	EPI-ISL-16960057
1421	EPI-ISL-16959730_New-Zealand_2021	A.D.4.3.3	EPI-ISL-16959730
1422	EPI-ISL-16960047_New-Zealand_2021	A.D.4.3.3	EPI-ISL-16960047
1423	EPI-ISL-16960056_New-Zealand_2021	A.D.4.3.3	EPI-ISL-16960056
1424	EPI-ISL-16959545_New-Zealand_2021	A.D.4.3.3	EPI-ISL-16959545
1425	EPI-ISL-16959727_New-Zealand_2021	A.D.4.3.3	EPI-ISL-16959727
1426	EPI-ISL-16960074_New-Zealand_2021	A.D.4.3.3	EPI-ISL-16960074
1427	EPI-ISL-16959646_New-Zealand_2021	A.D.4.3.3	EPI-ISL-16959646
1428	EPI-ISL-16959690_New-Zealand_2021	A.D.4.3.3	EPI-ISL-16959690
1429	EPI-ISL-16959821_New-Zealand_2021	A.D.4.3.3	EPI-ISL-16959821
1430	EPI-ISL-16959698_New-Zealand_2021	A.D.4.3.3	EPI-ISL-16959698
1431	EPI-ISL-16959905_New-Zealand_2021	A.D.4.3.3	EPI-ISL-16959905
1432	EPI-ISL-16960066_New-Zealand_2021	A.D.4.3.3	EPI-ISL-16960066
1433	EPI-ISL-16959922_New-Zealand_2021	A.D.4.3.3	EPI-ISL-16959922
1434	EPI-ISL-16959571_New-Zealand_2021	A.D.4.3.3	EPI-ISL-16959571
1435	EPI-ISL-16960115_New-Zealand_2021	A.D.4.3.3	EPI-ISL-16960115
1436	EPI-ISL-16959536_New-Zealand_2021	A.D.4.3.3	EPI-ISL-16959536
1437	EPI-ISL-16959832_New-Zealand_2021	A.D.4.3.3	EPI-ISL-16959832
1438	EPI-ISL-16960101_New-Zealand_2021	A.D.4.3.3	EPI-ISL-16960101
1439	EPI-ISL-16959951_New-Zealand_2021	A.D.4.3.3	EPI-ISL-16959951
1440	EPI-ISL-16960037_New-Zealand_2021	A.D.4.3.3	EPI-ISL-16960037
1441	EPI-ISL-16960036_New-Zealand_2021	A.D.4.3.3	EPI-ISL-16960036
1442	EPI-ISL-16959713_New-Zealand_2021	A.D.4.3.3	EPI-ISL-16959713
1443	EPI-ISL-16959548_New-Zealand_2021	A.D.4.3.3	EPI-ISL-16959548
1444	EPI-ISL-16959682_New-Zealand_2021	A.D.4.3.3	EPI-ISL-16959682
1445	EPI-ISL-16959609_New-Zealand_2021	A.D.4.3.3	EPI-ISL-16959609
1446	EPI-ISL-16960062_New-Zealand_2021	A.D.4.3.3	EPI-ISL-16960062
1447	EPI-ISL-16960114_New-Zealand_2021	A.D.4.3.3	EPI-ISL-16960114
1448	EPI-ISL-16959702_New-Zealand_2021	A.D.4.3.3	EPI-ISL-16959702
1449	EPI-ISL-16960084_New-Zealand_2021	A.D.4.3.3	EPI-ISL-16960084
1450	EPI-ISL-16959835_New-Zealand_2021	A.D.4.3.3	EPI-ISL-16959835
1451	EPI-ISL-16959688_New-Zealand_2021	A.D.4.3.3	EPI-ISL-16959688
1452	EPI-ISL-16959500_New-Zealand_2021	A.D.4.3.3	EPI-ISL-16959500
1453	EPI-ISL-16960045_New-Zealand_2021	A.D.4.3.3	EPI-ISL-16960045
1454	EPI-ISL-16959667_New-Zealand_2021	A.D.4.3.3	EPI-ISL-16959667
1455	EPI-ISL-16959953_New-Zealand_2021	A.D.4.3.3	EPI-ISL-16959953
1456	EPI-ISL-16959591_New-Zealand_2021	A.D.4.3.3	EPI-ISL-16959591
1457	EPI-ISL-16959683_New-Zealand_2021	A.D.4.3.3	EPI-ISL-16959683
1458	EPI-ISL-16959764_New-Zealand_2021	A.D.4.3.3	EPI-ISL-16959764
1459	EPI-ISL-16960131_New-Zealand_2021	A.D.4.3.3	EPI-ISL-16960131
1460	EPI-ISL-16959731_New-Zealand_2021	A.D.4.3.3	EPI-ISL-16959731
1461	EPI-ISL-16960039_New-Zealand_2021	A.D.4.3.3	EPI-ISL-16960039
1462	EPI-ISL-16960059_New-Zealand_2021	A.D.4.3.3	EPI-ISL-16960059
1463	EPI-ISL-16960085_New-Zealand_2021	A.D.4.3.3	EPI-ISL-16960085
1464	EPI-ISL-16959584_New-Zealand_2021	A.D.4.3.3	EPI-ISL-16959584
1465	EPI-ISL-16959674_New-Zealand_2021	A.D.4.3.3	EPI-ISL-16959674
1466	EPI-ISL-16959889_New-Zealand_2021	A.D.4.3.3	EPI-ISL-16959889
1467	EPI-ISL-16959767_New-Zealand_2021	A.D.4.3.3	EPI-ISL-16959767
1468	EPI-ISL-16960073_New-Zealand_2021	A.D.4.3.3	EPI-ISL-16960073
1469	EPI-ISL-16959946_New-Zealand_2021	A.D.4.3.3	EPI-ISL-16959946
1470	EPI-ISL-16960008_New-Zealand_2021	A.D.4.3.3	EPI-ISL-16960008
1471	EPI-ISL-16959576_New-Zealand_2021	A.D.4.3.3	EPI-ISL-16959576
1472	EPI-ISL-16959778_New-Zealand_2021	A.D.4.3.3	EPI-ISL-16959778
1473	EPI-ISL-16960152_New-Zealand_2021	A.D.4.3.3	EPI-ISL-16960152
1474	EPI-ISL-16959655_New-Zealand_2021	A.D.4.3.3	EPI-ISL-16959655
1475	EPI-ISL-16959719_New-Zealand_2021	A.D.4.3.3	EPI-ISL-16959719
1476	EPI-ISL-16959949_New-Zealand_2021	A.D.4.3.3	EPI-ISL-16959949
1477	EPI-ISL-16959666_New-Zealand_2021	A.D.4.3.3	EPI-ISL-16959666
1478	EPI-ISL-16959776_New-Zealand_2021	A.D.4.3.3	EPI-ISL-16959776
1479	EPI-ISL-16960055_New-Zealand_2021	A.D.4.3.3	EPI-ISL-16960055
