lineage	No	Yes	total	open_ratio
B.1.1.7	21636.0	41860.0	190488.9888794782	0.21975023462634208
B.1.177	18225.0	16849.0	105222.72057485055	0.160127013519047
B.1	34849.0	10404.0	135759.34486082217	0.0766356084781197
B.1.2	13766.0	7561.0	63981.53178921451	0.11817472618363557
B.1.1	16402.0	6140.0	67626.40856984527	0.09079293326154594
B.1.177.45	12.0	2448.0	7381.4925823102185	0.331640243853478
B.1.160	8350.0	1915.0	30795.279833541088	0.06218485463847782
B.1.177.4	1009.0	1829.0	8514.966665319613	0.2147982572203467
B.1.1.37	1198.0	1684.0	8646.876445056289	0.19475240691831555
AD.2	891.0	1670.0	7683.978092037683	0.2173353411471192
A.1	1078.0	1604.0	8046.897058385788	0.19933149242023027
B.1.258	3879.0	1494.0	16119.417081829812	0.09268325227988995
B.1.429	769.0	1357.0	6378.957383895785	0.21273068909754136
B.1.243	2940.0	1159.0	12297.42412296012	0.09424737964726035
B.1.177.57	957.0	1142.0	6297.816067654563	0.18133270132566834
B.1.1.311	598.0	974.0	4716.92932827295	0.20649026775998336
B	2744.0	938.0	11046.382124871212	0.08491467970206001
B.1.1.291	264.0	769.0	3100.116516461301	0.2480551927376564
B.1.36.17	456.0	717.0	3519.9168001847515	0.20369799648740744
B.1.177.44	214.0	701.0	2746.1490200288054	0.25526655505120655
B.1.221	4745.0	680.0	16275.188017709155	0.04178139135843389
B.1.177.7	2631.0	652.0	9849.29789526041	0.06619761194488284
B.1.595	987.0	616.0	4809.576396186366	0.1280778075359073
B.1.369	889.0	616.0	4515.613925663519	0.13641555946559042
B.1.1.1	1068.0	602.0	5010.540699112108	0.12014671392783563
B.1.427	298.0	568.0	2598.983709576292	0.21854696430267356
B.1.623	213.0	524.0	2212.066314360998	0.23688259099563586
B.1.177.16	379.0	519.0	2694.866833541229	0.19258836597799547
B.1.234	1164.0	518.0	5046.461935963911	0.10264617202568045
B.40	971.0	516.0	4461.520490854054	0.11565563826452893
B.1.575	1020.0	514.0	4602.502589266494	0.11167837280498233
B.1.1.39	380.0	508.0	2664.85801600195	0.19062929317418023
B.1.240	996.0	507.0	4509.5059690991975	0.1124291670693312
B.1.177.87	246.0	500.0	2239.0052114538635	0.22331345967494767
B.1.1.369	957.0	499.0	4368.514059504974	0.11422648369742114
B.1.160.16	37.0	471.0	1525.3903253681904	0.3087734281298215
B.1.371	248.0	469.0	2151.9810224300827	0.2179387248826158
B.1.177.17	260.0	468.0	2184.964143858887	0.21419115792603377
B.1.375	102.0	451.0	1660.2230268380579	0.27165024982152086
B.1.177.10	204.0	427.0	1894.014874135338	0.22544701513758464
B.1.596	1078.0	424.0	4506.423422157071	0.09408791857313879
B.1.1.301	87.0	416.0	1510.2402169832865	0.27545286857143986
B.1.177.56	508.0	393.0	2703.6542202528544	0.14535882475505518
B.1.564	632.0	392.0	3072.574182978998	0.1275803208174907
B.1.177.54	586.0	381.0	2901.5909629767293	0.13130727413388887
B.1.311	452.0	376.0	2484.681097175126	0.15132726707965882
B.1.139	437.0	375.0	2436.692668343739	0.15389712657316518
B.1.426	353.0	373.0	2178.7705702925405	0.17119746571109495
B.1.177.8	400.0	367.0	2301.7176568190994	0.15944614184659917
B.1.320	254.0	362.0	1848.8813534162452	0.19579406722401058
B.1.400	188.0	359.0	1641.9842639484477	0.21863790529680208
B.1.1.372	491.0	347.0	2514.6210705785074	0.13799295808818227
B.1.509	224.0	338.0	1686.9019744142468	0.20036730356982704
B.1.389	225.0	330.0	1665.8917327236709	0.19809210497759197
B.1.1.279	213.0	291.0	1512.865906161746	0.19235016058910917
W.4	193.0	290.0	1449.9004346412323	0.20001373409599568
B.1.1.222	432.0	289.0	2163.601192572196	0.1335735998816041
C.30	78.0	283.0	1084.1754751487424	0.26102785617906926
B.1.232	270.0	282.0	1656.766186201541	0.17021110302023965
A	1426.0	259.0	5055.230560292961	0.051234062801082295
B.1.177.58	155.0	253.0	1224.929911624024	0.20654242957017035
B.1.177.18	199.0	251.0	1350.8364939314702	0.18581079288840532
B.1.1.51	59.0	250.0	928.2130633295618	0.2693347140614822
B.1.177.20	141.0	237.0	1134.940216413133	0.20882157189654907
B.1.177.5	250.0	236.0	1458.7282738238594	0.1617847574732735
B.1.258.17	193.0	227.0	1260.8105405198332	0.18004291105181253
B.1.177.43	29.0	224.0	760.3272899994594	0.2946099698725259
B.1.36	1453.0	223.0	5028.199579698255	0.04434987045867864
B.1.22	369.0	221.0	1770.5618049733653	0.12481913897567926
B.1.1.232	158.0	215.0	1119.8643887472533	0.19198753184795148
B.1.177.15	694.0	215.0	2727.3547700945655	0.07883096191132674
B.1.1.70	1004.0	210.0	3642.2594666555606	0.057656518411860626
B.1.391	362.0	210.0	1716.5506404093967	0.12233836570642337
B.1.258.3	123.0	202.0	975.932010814602	0.20698163167267394
B.1.384	82.0	197.0	838.0586936043882	0.2350670680984491
B.1.1.253	56.0	195.0	754.164738417109	0.25856419700724664
B.1.177.81	1140.0	194.0	4002.218136966277	0.048473119995166986
B.1.177.9	212.0	193.0	1215.7146747161082	0.1587543557825927
B.1.177.69	110.0	179.0	867.9287342409872	0.20623813101030394
B.1.1.519	201.0	178.0	1137.7043400784269	0.15645541089148846
B.1.93	506.0	177.0	2049.388701630161	0.08636721762894835
B.1.517	239.0	174.0	1239.631853868326	0.1403642536750127
B.1.503	33.0	173.0	619.2588545641456	0.2793662112780979
B.1.160.26	21.0	172.0	580.335761148709	0.2963801501040457
B.1.160.14	32.0	168.0	601.2591198483185	0.27941364123072576
B.1.1.26	11.0	168.0	538.4065941786405	0.31203183953623437
B.1.235	71.0	166.0	712.0501161740222	0.23312965791221116
B.1.565	250.0	164.0	1242.5941081835094	0.13198195526594278
B.1.177.19	136.0	164.0	900.8197511896568	0.182056398944867
B.1.1.277	762.0	161.0	2769.261638563551	0.05813824080685732
B.1.8	199.0	160.0	1077.6683854389785	0.1484686775281298
B.1.367	402.0	160.0	1686.4270102170165	0.09487514077434667
B.1.177.6	365.0	158.0	1569.4531112619397	0.10067201043869223
B.1.1.4	9.0	157.0	499.4173313783822	0.31436634280729314
B.1.1.10	335.0	154.0	1467.472341948882	0.10494235264119509
B.3	638.0	154.0	2376.2916547335853	0.06480685975277117
B.1.177.11	144.0	153.0	891.7725040815412	0.17156842053296822
B.1.425	80.0	153.0	699.9845165390841	0.218576263310043
B.1.1.303	75.0	150.0	675.9995069033531	0.22189365298079328
A.3	211.0	150.0	1083.623149202697	0.13842450681343071
B.1.1.416	124.0	148.0	816.8159046248329	0.18119137881867892
B.1.305	53.0	147.0	601.1018259573035	0.2445509124280076
B.1.1.464	275.0	146.0	1263.520118636512	0.11555019809067331
B.1.1.286	66.0	145.0	634.030247060107	0.2286957139227047
B.1.1.255	68.0	144.0	637.0183247214408	0.2260531517095198
B.1.1.44	50.0	142.0	577.1086641509859	0.24605418150999947
B.1.1.217	50.0	140.0	571.1045501506046	0.2451390029427728
B.1.221.1	64.0	139.0	610.0265171619596	0.22785894725801903
B.1.582	636.0	139.0	2325.2690218824396	0.0597780294202137
B.1.160.7	127.0	135.0	786.772647672287	0.17158705300623428
B.1.177.55	138.0	133.0	813.735940367056	0.16344368412682747
B.1.110.3	72.0	133.0	615.972658230342	0.21591867467316198
B.1.1.83	58.0	132.0	571.0414713441237	0.2311565912880144
B.1.177.48	75.0	132.0	621.9560313866135	0.2122336521212182
B.1.351	1056.0	130.0	3558.1644156799607	0.036535692231399367
B.1.36.1	119.0	128.0	741.7770564077726	0.172558586025658
B.1.1.434	832.0	128.0	2880.199995370692	0.0444413583104412
B.1.241	253.0	126.0	1137.4986078647153	0.11076936633489524
B.1.332	89.0	125.0	642.8757701845753	0.19443881041606434
B.1.1.307	93.0	124.0	651.8567671644595	0.19022583832241716
B.1.617.1	301.0	123.0	1272.4350919068709	0.09666504860037477
B.1.1.171	34.0	123.0	472.1741843155202	0.26049708790899906
B.1.349	313.0	122.0	1305.4206444641757	0.09345646594249798
B.1.1.198	310.0	120.0	1290.418559386819	0.09299308284671727
B.1.561	215.0	120.0	1005.5372177275443	0.1193391929054531
B.1.13	111.0	119.0	690.7757963119479	0.17227007754953347
B.1.399	92.0	119.0	633.8455952013107	0.18774288391513605
B.1.453	65.0	118.0	549.9666461105236	0.214558466107936
C.35	388.0	117.0	1515.3474981857526	0.07721001297727291
B.1.416.1	203.0	117.0	960.548333120849	0.12180542713541927
B.1.1.174	60.0	115.0	525.985098532202	0.2186373726573538
B.1.609	268.0	114.0	1146.447585716437	0.09943760309701312
B.1.396	385.0	114.0	1497.3426592281482	0.07613487754283635
B.1.1.170	304.0	113.0	1251.4064308105214	0.09029840123708746
B.1.1.186	51.0	113.0	493.0328143911715	0.22919366967397423
B.1.236	123.0	112.0	705.7146522197809	0.15870437101980392
B.1.112	50.0	111.0	484.0334249793142	0.22932300595716862
B.1.258.4	50.0	110.0	481.03051305788347	0.22867572225457444
B.1.362.2	46.0	108.0	463.05115145687296	0.23323557162141895
B.1.1.220	62.0	106.0	504.94583726973127	0.2099235050102553
B.1.366	17.0	106.0	370.29117868507103	0.2862612076701723
B.1.610	58.0	106.0	492.96887662241863	0.21502371656048572
B.1.124	14.0	105.0	358.32189985080464	0.29303260572049633
B.1.1.8	101.0	105.0	618.7642482014836	0.16969306210757287
B.1.104	52.0	105.0	472.0024739981365	0.22245646110832576
B.1.471	106.0	103.0	627.7389442721724	0.16408094629117306
B.1.1.67	35.0	103.0	415.1185587392735	0.24812188670343682
B.1.36.9	83.0	102.0	555.8266168432407	0.18351046335150045
B.1.177.2	45.0	101.0	439.03685371640216	0.23004902468903307
B.1.36.35	25.0	100.0	376.19872408293463	0.2658169568325133
B.1.162	58.0	100.0	474.9487345314472	0.21054903977932132
B.1.1.74	16.0	98.0	343.2878591649688	0.2854747040526871
B.1.1.316	91.0	98.0	567.7774226281075	0.1726028476905284
B.1.1.269	245.0	95.0	1020.4190602655382	0.09309900579011006
B.1.1.227	26.0	94.0	361.17372580235804	0.2602625642027981
B.1.1.138	30.0	94.0	373.135941712524	0.2519189107556426
B.1.160.29	6.0	94.0	301.40780133373147	0.3118698307875556
C.37	277.0	92.0	1107.3739416390838	0.08307943373114401
B.28	114.0	91.0	615.6656136143135	0.14780750782194466
B.1.1.284	48.0	91.0	417.9812453344582	0.21771311755192285
B.1.1.228	75.0	90.0	495.81773177317734	0.1815183165760043
B.1.356	322.0	88.0	1230.3219231367307	0.07152599522541403
B.1.199	52.0	87.0	417.93814591746263	0.20816477473961273
B.1.177.23	102.0	87.0	567.6901962507382	0.1532526025190925
W.3	28.0	87.0	346.1335425025928	0.2513480761528574
A.23.1	173.0	86.0	777.4979631427251	0.11061122224986845
B.1.612	104.0	85.0	567.6743359502458	0.14973373749178945
B.11	70.0	85.0	465.8220964558684	0.18247309573055606
B.1.1.214	18.0	85.0	310.2362176984964	0.27398477402341015
B.1.1.365	10.0	84.0	283.33831177234663	0.2964653790536147
B.1.160.15	12.0	84.0	289.3105152300713	0.2903454785706625
B.1.1.294	267.0	84.0	1053.3589335806664	0.07974489732047947
B.1.160.32	25.0	84.0	328.1546059693431	0.25597690378859855
B.1.577	280.0	83.0	1089.3429392118285	0.07619271857589029
B.55	82.0	83.0	495.754162644915	0.1674216905354538
B.1.617.2	67.0	80.0	441.81582376587755	0.18107092525140694
B.1.1.180		80.0	241.49689440993788	0.3312671999176976
B.1.576	341.0	79.0	1260.2821218024417	0.0626843772781725
B.1.258.7	312.0	79.0	1173.3030429590438	0.06733128365606535
B.1.433	26.0	78.0	313.12365269461077	0.249102868239958
B.1.160.12	2.0	78.0	241.45954728995184	0.3230354768549917
B.1.588	169.0	77.0	738.4694126912617	0.10426972150326835
B.39	191.0	77.0	804.4308931858363	0.09571984449161598
B.1.36.39	32.0	76.0	325.05441298416855	0.233807008809019
C.16	146.0	75.0	663.5089195913203	0.11303540583327092
B.1.36.28	31.0	75.0	319.0601439676115	0.23506539885349456
B.1.206	643.0	75.0	2154.1566814378707	0.034816408967029505
B.1.1.196	32.0	75.0	322.05025769788267	0.23288290633928932
B.1.336	151.0	75.0	678.497665874774	0.11053833162904686
B.1.190	9.0	74.0	250.33496793990864	0.2956039286439729
B.1.1.376	53.0	74.0	381.8733489456339	0.19378152522116737
B.1.532	29.0	74.0	310.0764214281676	0.23865084503738337
B.1.1.153	331.0	74.0	1215.2740534706015	0.06089161517821389
B.1.177.82	294.0	73.0	1101.2983381781326	0.06628539921413412
B.1.36.12	11.0	73.0	253.30133524682344	0.2881942960500658
B.1.160.22	10.0	71.0	244.3124561940348	0.2906114616751725
B.1.223	139.0	70.0	627.50225826901	0.11155338339832878
B.1.160.11	4.0	68.0	217.41358971083005	0.3127679373237114
B.1.160.30	2.0	68.0	211.4537958190978	0.3215832552761319
B.1.523	109.0	67.0	528.5708170993053	0.12675690339410542
B.1.177.65	847.0	67.0	2742.1099547666076	0.024433739385079707
B.1.177.52	206.0	66.0	816.3639164969256	0.08084629742481832
B.1.1.189	174.0	66.0	720.4124212690646	0.09161418938853896
B.1.1.231	83.0	66.0	447.66410081180464	0.14743196937237996
B.1.265	239.0	65.0	912.3206861010525	0.07124687732094274
B.1.439	47.0	65.0	336.86978583923525	0.19295289376596103
B.1.324	120.0	64.0	552.5215749065977	0.11583258085590419
B.1.1.305	53.0	64.0	351.8198749561624	0.18191126924814738
B.1.1.240	53.0	63.0	348.8140209644946	0.1806120058643305
B.1.160.9	20.0	63.0	250.1368267666432	0.25186215406327894
B.1.1.225	41.0	63.0	312.9077743010619	0.20133727946108815
B.1.1.200	12.0	63.0	226.25766109785204	0.27844361023759423
B.1.177.71		63.0	190.49606299212599	0.3307154962179143
B.1.1.207	119.0	62.0	543.5136502434902	0.11407257199929467
B.1.1.61	32.0	61.0	279.98271851792657	0.21787058973818174
P.2	357.0	61.0	1254.2188867866462	0.04863584868848865
B.1.239	138.0	60.0	594.4544295995588	0.1009328840234527
B.1.160.31	9.0	60.0	208.30162533010264	0.28804383981601667
B.1.451	6.0	60.0	199.3605272975998	0.30096228583120516
B.1.361	285.0	60.0	1035.2608476535324	0.05795640792945356
B.1.1.453	8.0	60.0	205.32068555828002	0.29222579223742695
B.1.177.84	44.0	60.0	312.8645867317267	0.19177625894569028
B.1.1.192	91.0	60.0	453.59576542988924	0.13227636713745733
B.1.1.304	192.0	59.0	753.3525346342318	0.07831658790216418
B.1.413	77.0	58.0	405.64410316967565	0.14298248032398822
B.1.314	53.0	58.0	333.7831702958019	0.17376550156378417
B.1.1.12	13.0	58.0	214.2230158068728	0.2707458849906603
B.1.108	64.0	57.0	363.7061539670633	0.15671992177828764
B.1.160.23	67.0	57.0	372.689090902428	0.1529424965511612
B.1.1.270	21.0	55.0	229.08381171978797	0.24008680310975097
B.1.1.205	25.0	55.0	241.02977926876702	0.22818757153932712
B.1.37	7.0	55.0	187.32749455283232	0.29360345704345203
B.1.126	116.0	54.0	510.47632234488844	0.1057835547630287
B.1.403	10.0	54.0	193.26286229687122	0.2794121920695274
B.23	163.0	54.0	651.3732005877835	0.08290178341889366
B.1.1.406	38.0	54.0	276.8795015694367	0.19503068914062502
B.1.160.10	1.0	53.0	163.4678026369615	0.3242228692441984
B.1.1.132	5.0	53.0	175.36711857166827	0.3022231330005014
B.1.105	23.0	53.0	229.0444601918411	0.2313961226375382
B.1.554	13.0	53.0	199.20211758198067	0.26606142868028554
B.1.1.25	682.0	53.0	2205.1081614967925	0.024035102189284195
C.3	27.0	53.0	240.99238407375708	0.219923962343055
A.2	1048.0	52.0	3300.0709085830313	0.015757237174739227
B.1.465	130.0	51.0	543.4225423599004	0.0938496216563344
B.1.14	2.0	51.0	160.43906782002082	0.3178776883521373
B.1.280	22.0	51.0	220.04628164506363	0.23176942422623345
B.1.1.115	10.0	50.0	181.2471264367816	0.27586644259124204
B.1.1.89	24.0	49.0	220.00531338479115	0.2227218936039903
B.1.1.309	41.0	49.0	270.8158457614486	0.18093475978935974
B.29	106.0	49.0	465.4740325229751	0.10526903022797826
B.1.595.1	73.0	49.0	366.60212899781567	0.13365988935730364
B.1.1.3	36.0	48.0	252.85617433414046	0.18983123558837722
B.1.1.432	125.0	48.0	519.4160738142937	0.0924114643728977
B.1.1.135	57.0	48.0	315.68521779605135	0.15205019840685233
B.1.177.51	34.0	48.0	246.87700782164907	0.19442879846743993
B.1.1.300	8.0	48.0	169.28245931283905	0.2835497558036687
B.1.452	18.0	47.0	196.0826155837807	0.23969488503644626
B.1.110	142.0	47.0	567.3729341273579	0.08283793105550209
B.1.408	59.0	47.0	318.6646316276318	0.147490481638768
U.1	9.0	47.0	169.25580731580496	0.27768618841128045
B.1.551	65.0	47.0	336.62907194009495	0.13961955136294324
B.1.3	169.0	47.0	648.3263341172448	0.07249435589253793
B.1.1.274	40.0	47.0	261.8095087787025	0.17951983569751584
B.1.492		47.0	142.49473684210525	0.329836743739381
B.1.1.368	20.0	46.0	199.04362418429557	0.2311051167225952
B.1.222	360.0	46.0	1218.1699428354616	0.03776156214536745
B.3.1	432.0	46.0	1434.1443466212813	0.03207487454688364
B.45	139.0	45.0	552.3667666135569	0.08146760942169896
B.1.1.265	62.0	45.0	321.6304286812381	0.1399121351313394
B.1.568	66.0	45.0	333.6077386172173	0.13488895727216077
B.1.346	79.0	45.0	372.54408970500896	0.12079107210003595
B.1.1.125	20.0	45.0	196.03662788065375	0.2295489393308469
B.1.1.71	75.0	45.0	360.5622074882995	0.12480509344967963
B.1.301	85.0	45.0	390.51900064774935	0.11523126896606573
B.46		45.0	136.4945054945055	0.3296836003542388
B.1.258.12	48.0	45.0	279.7251786999682	0.16087218250834248
B.1.515	5.0	45.0	151.34598612487613	0.29733196863820577
B.1.390	18.0	45.0	190.06941536479306	0.23675560801633022
B.1.1.299	4.0	43.0	142.36793105257385	0.3020343112531494
B.20		43.0	130.49425287356323	0.32951642737602393
B.1.177.53	74.0	43.0	351.55099388858184	0.1223151143006813
B.1.385	11.0	43.0	163.1915303388495	0.2634940668226786
B.1.377	21.0	43.0	193.00605836369155	0.22279093394556984
B.1.1.308	19.0	42.0	184.03085489481384	0.22822259899844435
B.1.78	35.0	42.0	231.8172192513369	0.18117722288120228
B.1.402	16.0	42.0	175.08396067844956	0.23988490914444813
B.1.1.164	44.0	42.0	258.7318667674199	0.16233021670173617
B.1.177.33	150.0	41.0	573.3219292501283	0.07151305036181961
B.1.117	8.0	41.0	148.2515602152486	0.2765569545472001
B.1.1.256	10.0	41.0	154.20273903954106	0.26588373368313956
B.1.1.241	150.0	41.0	573.3219292501283	0.07151305036181961
B.1.1.236	22.0	41.0	189.9745184283347	0.21581841785516456
B.1.1.59	45.0	40.0	255.7052328177648	0.15643011900545295
B.1.448	46.0	40.0	258.69704723915606	0.15462101491642247
C.36	173.0	40.0	639.2816487666294	0.06257023031581195
Z.1	114.0	40.0	462.3895009607851	0.08650715450261136
B.1.469	55.0	40.0	285.63111343865467	0.14004076628224482
B.1.258.5	39.0	40.0	237.75868496762152	0.16823780803400423
B.1.525	106.0	40.0	438.41083049550315	0.0912386218989868
B.1.36.31	83.0	40.0	369.48759020826725	0.10825803372030275
B.1.370	59.0	40.0	297.60564920151523	0.13440605078338125
B.1.166	70.0	40.0	330.54515451545154	0.12101221105066955
B.1.160.20	1.0	39.0	121.45663013275701	0.32110227294608307
B.1.177.32	171.0	39.0	630.2785303874381	0.0618774051783524
XA	3.0	39.0	127.38778084825184	0.3061518125231962
B.1.1.41	82.0	39.0	363.48325671866354	0.10729517599262088
B.1.165	6.0	39.0	136.29586696013695	0.286142205701707
B.1.201	95.0	38.0	399.4284181483752	0.09513594494892495
B.1.435	23.0	38.0	183.93284386780047	0.2065971427447294
B.1.1.419	30.0	38.0	204.83709189038527	0.18551327618112734
B.1.146	45.0	38.0	249.68611737046623	0.15219108054621372
B.1.340	49.0	37.0	258.6448120982299	0.1430533235901437
B.1.1.165	12.0	37.0	148.1297662276318	0.24978099231684403
B.1.96	3.0	37.0	121.38221346926166	0.3048222547809258
B.1.382	11.0	36.0	142.14584069781884	0.2532610157516371
B.1.437	1.0	36.0	112.45314600830102	0.32013332910528414
B.1.558	52.0	36.0	264.6131620247827	0.13604765433636432
B.1.1.290		36.0	109.4931506849315	0.32878768922807455
B.1.409	317.0	34.0	1053.1452924631437	0.032284244389944775
B.1.1.33	893.0	34.0	2781.0550158184446	0.012225576195584193
B.1.319	186.0	34.0	660.2317910501007	0.05149706581975232
B.1.1.50	495.0	34.0	1587.0964063654696	0.02142276919261742
B.1.251	2.0	33.0	106.4080202519993	0.3101269990913111
B.1.348	1.0	33.0	103.44905305405744	0.3189976034169767
B.1.229	24.0	33.0	171.86695839276646	0.1920089836266568
B.6	729.0	33.0	2286.064960014616	0.01443528533843107
B.1.1.123	4.0	33.0	112.33252704165731	0.2937706545830871
B.1.379	2.0	33.0	106.4080202519993	0.3101269990913111
B.1.282	9.0	33.0	127.17493079792996	0.2594851028653923
B.1.1.257	22.0	32.0	162.88727199231977	0.19645488323672594
B.1.177.77	672.0	32.0	2112.0681810844994	0.015151026035328424
B.1.404	102.0	32.0	402.3581026538795	0.07953114349862456
B.1.258.10	23.0	32.0	165.87119667573464	0.19292077612822392
B.1.36.16	228.0	32.0	780.1846008227457	0.0410159338780262
B.1.119	24.0	31.0	165.84401787983435	0.18692263004904813
B.1.1.285	16.0	31.0	141.98706379152858	0.2183297490080893
B.1.1.218	31.0	31.0	186.74899598393574	0.1659982150729562
B.1.1.204	43.0	31.0	222.62778716985216	0.1392458704013834
B.1.36.8	464.0	31.0	1485.093937413232	0.020874100431651114
B.1.351.3	64.0	30.0	282.47845296961276	0.10620279063630814
B.1.36.7	21.0	30.0	153.8806664867782	0.19495626503916702
B.1.1.158	24.0	30.0	162.83191174798134	0.18423907008124848
B.1.258.23	1.0	30.0	94.44417636171337	0.3176479604745822
B.1.36.24	65.0	30.0	285.4734222170471	0.1050885920202786
B.10	66.0	30.0	288.4684961000975	0.10399749159988031
B.31	131.0	30.0	483.2794492223572	0.06207588600813228
B.1.508	7.0	30.0	112.21182237150445	0.2673515086554581
A.2.3	136.0	30.0	498.2710351762132	0.06020819570495507
L.3	58.0	30.0	264.51103410701944	0.11341681870202132
B.1.1.17		29.0	88.49152542372882	0.32771499712698715
B.1.157	134.0	29.0	489.26682264391826	0.05927236153738919
B.1.328	1.0	29.0	91.44233643156552	0.31713975311319054
B.1.298	92.0	29.0	363.359385569009	0.07981079105631726
B.1.1.486	120.0	29.0	447.29188279118864	0.06483462167709
B.1.9	91.0	29.0	360.3623784499405	0.08047454932654274
B.1.306	38.0	29.0	201.64855692670213	0.14381456749299376
B.1.429.1		28.0	85.49122807017544	0.32751898214652164
B.1.177.31	1.0	28.0	88.44037104254889	0.3165974958034621
B.1.220	43.0	28.0	213.59100319025927	0.13109166388931934
B.1.436	27.0	28.0	165.76246372909748	0.1689164082753975
B.1.189	43.0	28.0	213.59100319025927	0.13109166388931934
A.4	33.0	28.0	183.6876643184761	0.152432663912879
B.1.1.47	80.0	28.0	324.38873348429775	0.08631619137708234
B.1.1.172	20.0	27.0	141.85995739894216	0.19032855003663873
B.1.177.89		27.0	82.49090909090908	0.327308794357505
B.1.177.28	1.0	27.0	85.4382669055083	0.3160176461662202
B.1.36.38	186.0	27.0	639.1901219912434	0.04224095315473272
B.1.1.487	41.0	26.0	201.58152927057296	0.1289800712103016
B.1.415	26.0	26.0	156.7488038277512	0.16587048427221807
B.19		26.0	79.49056603773585	0.3270828388321861
B.1.1.317	285.0	26.0	933.1253963117076	0.027863350523700443
B.1.337	30.0	26.0	168.69547021730256	0.15412387757957274
B.1.177.60	385.0	26.0	1233.094888076908	0.021085157558757457
B.1.1.219	105.0	26.0	393.29763480567556	0.06610769478145054
B.1.1.329	39.0	25.0	192.58534326700743	0.1298125785477822
B.1.81	2.0	25.0	82.38108438850179	0.3034677218146613
B.1.177.21	8309.0	25.0	25002.00449963976	0.0009999198264427243
B.1.330	4.0	25.0	88.28679069955356	0.283168068540138
B.1.258.6	12.0	25.0	112.01045671078245	0.2231934475952675
B.1.421	10.0	25.0	106.06782106782106	0.23569825181960413
B.1.1.384		25.0	76.49019607843137	0.3268392719815432
B.1.1.244	8.0	25.0	100.13206509030385	0.24967027272885875
B.1.1.337	67.0	24.0	273.39541358195646	0.08778494008205247
B.1.76	21.0	24.0	135.7984290623466	0.17673253045498286
B.35	47.0	24.0	213.50664087433765	0.11240868153663444
B.1.294	6.0	24.0	91.19473684210526	0.26317308247244187
B.1.1.15	2.0	24.0	79.37656529516994	0.302356242182482
B.27	19.0	24.0	129.83540981967684	0.1848494184547392
B.1.1.139	5.0	24.0	88.23555807090594	0.2719991863225214
B.1.177.75	219.0	24.0	729.1481381145796	0.03291512210681747
B.52	47.0	23.0	210.49247247713092	0.10926756538763566
B.1.1.97	2.0	23.0	76.37168892380204	0.3011587189455464
B.1.1.239	1.0	23.0	73.4281205673759	0.3132314952674806
B.57	29.0	23.0	156.66252496352845	0.14681239182985512
B.1.1.216	107.0	23.0	390.2653244605969	0.058934264866573334
B.1.1.450		23.0	70.48936170212765	0.3262903712647148
B.1.442	1.0	23.0	73.4281205673759	0.3132314952674806
B.1.131	38.0	23.0	183.56499291776927	0.1252962214331531
B.1.580	11.0	23.0	103.01137422849224	0.223276314603697
B.1.1.128	46.0	23.0	207.4995983935743	0.11084358802649252
B.1.360	48.0	22.0	210.47107659190738	0.10452742655304069
B.1.97	9.0	22.0	94.06050046462234	0.2338920151533167
B.1.238	22.0	22.0	132.74858757062148	0.16572681037601344
B.1.1.130	11.0	22.0	99.99666666666667	0.22000733357778593
B.1.1.213	9.0	22.0	94.06050046462234	0.2338920151533167
B.1.293	17.0	21.0	114.82695265148088	0.18288389193553306
B.13		21.0	64.48837209302326	0.3256401009736747
B.1.181	23.0	21.0	132.71462181537962	0.15823426019488093
B.1.505	23.0	21.0	132.71462181537962	0.15823426019488093
B.1.1.282	30.0	21.0	153.61681927222352	0.13670378087171572
N.1	6.0	21.0	82.1611449177372	0.2555952697716905
C.27	10.0	21.0	94.01246824830244	0.22337462669882824
B.1.1.323	36.0	21.0	171.5520381718216	0.12241183622060497
B.1.274	49.0	21.0	210.4496792587313	0.09978632456921997
B.1.177.86	1255.0	20.0	3825.0235293635183	0.005228726005596099
B.1.1.28	851.0	20.0	2613.0344430174364	0.007653936615127328
B.1.323	10.0	20.0	90.99633699633699	0.21978906690282587
B.1.1.344	29.0	20.0	147.61139843743388	0.13549089170425507
B.1.318		20.0	61.48780487804878	0.325267750892503
B.1.1.413	19.0	20.0	117.76755597983554	0.1698260597632208
B.1.1.120		20.0	61.48780487804878	0.325267750892503
B.33	15.0	20.0	105.85482938114517	0.18893800232757632
B.34	34.0	20.0	162.55492266018584	0.12303533890394172
B.58	39.0	20.0	177.5079890663158	0.11267098514945226
B.1.1.45	2.0	20.0	67.35443503864556	0.29693664550114207
B.4.4	26.0	20.0	138.6511513763344	0.14424690888945396
B.1.214.2	331.0	20.0	1053.0854677731743	0.01899181083781495
B.1.1.418	1.0	20.0	64.41801288142752	0.3104721661752196
A.5	415.0	19.0	1302.065667098798	0.014592197982099408
B.1.36.34	3.0	19.0	67.28714193607811	0.28237192802823674
B.1.494	6.0	19.0	76.13431048069344	0.24955896861794163
B.1.1.109		19.0	58.48717948717949	0.3248575186321789
B.1.460	11.0	19.0	90.94669232178852	0.20891359009268864
B.1.91	343.0	19.0	1086.0787273794197	0.01749412774693117
B.1.160.19		19.0	58.48717948717949	0.3248575186321789
B.1.267	13.0	19.0	96.88789610546687	0.1961029268229505
B.1.591	42.0	19.0	183.4668165169263	0.10356096192603362
B.1.441	45.0	19.0	192.44496902021677	0.09872952302537982
B.1.173	6.0	19.0	76.13431048069344	0.24955896861794163
B.1.1.237	88.0	19.0	321.26628153038246	0.05914097150031337
B.1.521	107.0	19.0	378.22614538665334	0.05023449656177699
B.1.1.168	10.0	19.0	87.97909951549799	0.21596038268899362
B.1.177.63	199.0	18.0	651.124416037704	0.02764448630192005
B.1.1.86	5.0	18.0	70.16736705996443	0.25652950586869466
B.1.106	11.0	18.0	87.92774847870183	0.20471353254723704
AK.1	32.0	18.0	150.53935432443205	0.11957006246491292
B.1.501	75.0	18.0	279.2902219837704	0.0644490876628183
B.1.1.251	25.0	18.0	129.62689313340178	0.13886007420910582
B.1.546	156.0	18.0	522.1551570425783	0.03447251215893329
B.1.177.62	43.0	18.0	183.44226695380829	0.09812351481969253
B.61	85.0	18.0	309.2620618586866	0.05820306536087467
B.1.40	19.0	18.0	111.72814105832974	0.16110533863266163
B.1.594	10.0	18.0	84.9606377229328	0.2118628165045116
B.51	3.0	18.0	64.27714285714285	0.28003733831177496
B.1.378	34.0	18.0	156.5186566106212	0.11500226484041096
B.1.36.23	20.0	18.0	114.70905929655522	0.1569187308341962
AP.1	371.0	18.0	1167.0694073643854	0.015423247226272288
B.1.1.517	4.0	18.0	67.21980453623455	0.26777822583963595
B.59	91.0	17.0	324.23605379849755	0.05243093666124176
B.1.12	81.0	17.0	294.2601273851543	0.05777201332394198
B.1.1.445		17.0	52.48571428571429	0.32389765922700053
C.36.2	1.0	17.0	55.40459482038429	0.30683375729237194
B.1.335	55.0	17.0	216.35397341250737	0.07857493778303419
B.1.567	87.0	17.0	312.24512812814237	0.05444440431116467
B.1.574	214.0	17.0	693.1103837499157	0.024527117755797245
B.26	34.0	17.0	153.49945711183494	0.11074957735918459
AS.2	20.0	17.0	111.68777161916907	0.15221003833764624
B.4	270.0	17.0	861.0888471182583	0.01974244592400962
B.1.397	39.0	17.0	168.4549468459669	0.10091719072841825
B.1.177.26	83.0	17.0	300.2549278113603	0.05661855451937997
B.1.177.30	151.0	16.0	501.14369883740426	0.031926970322321044
B.1.1.380	64.0	16.0	240.29987515605492	0.06658347196231093
B.1.250	32.0	16.0	144.49942329873124	0.11072708551176955
B.1.77		16.0	49.484848484848484	0.32333129210042866
B.1.177.85	74.0	16.0	270.2665789617936	0.05920080855525185
B.1.1.77	5.0	16.0	64.13606957259518	0.24946960589609737
B.1.258.2	186.0	16.0	606.118804117989	0.026397465136035258
AF.1	2.0	16.0	55.32262382864792	0.2892126022358806
B.1.1.433	383.0	16.0	1197.0601493684526	0.013366078562085049
C.23	38.0	16.0	162.44403911435376	0.0984954578033896
B.1.231	4.0	16.0	61.192156862745094	0.26147141758523457
B.1.1.208	28.0	16.0	132.5447063224841	0.12071398733248281
B.5	8.0	15.0	69.97370233802017	0.21436624758741338
B.1.38	15.0	15.0	90.74793388429752	0.16529301944355904
B.1.111	154.0	15.0	507.13312444407205	0.029578032427763922
B.1.1.178	7.0	15.0	67.01752520114677	0.22382205184358744
B.1.407	3.0	15.0	55.24057315233786	0.27153954320195495
B.1.416	332.0	15.0	1041.064840152367	0.014408324459218743
B.1.549	16.0	15.0	93.72393291921328	0.16004450019110347
B.1.438.4	7.0	15.0	67.01752520114677	0.22382205184358744
B.1.1.463	1.0	15.0	49.39290796963947	0.30368732307116053
B.1.362	158.0	15.0	519.1300469423285	0.028894493948770392
B.1.1.306	1218.0	15.0	3699.0182481451748	0.004055130035522684
B.1.313	95.0	15.0	330.20450321926677	0.045426394412433256
B.1.602	32.0	15.0	141.47818345004345	0.1060234138876724
B.1.1.428	17.0	15.0	96.70142086766845	0.15511664529238745
B.1.1.243	60.0	15.0	225.2998668442077	0.0665779354870739
B.1.544	37.0	14.0	153.41139630698905	0.09125788785589845
B.1.398	182.0	14.0	588.1071363506234	0.02380518639320395
B.1.215	78.0	14.0	276.2281979952062	0.05068273297805376
B.1.240.2	11.0	14.0	75.83689873417721	0.18460670509579605
B.1.177.72	137.0	14.0	453.1390586200729	0.03089559315993123
B.1.1.351	42.0	14.0	168.37472160356347	0.08314787318825004
B.1.36.29	308.0	14.0	966.0652159237334	0.014491775264481978
B.1.170	24.0	14.0	114.55174289963364	0.12221551279465322
B.1.595.3	13.0	14.0	81.7753119967794	0.1712008142573809
B.1.595.4	118.0	14.0	396.15906961300226	0.035339339860819656
B.1.264	28.0	14.0	126.49934123847167	0.11067251309718476
B.1.1.521	81.0	14.0	285.22099552468416	0.04908474558209157
B.1.304	26.0	14.0	120.52423771001867	0.11615920802323597
B.1.493	2.0	14.0	49.30085551330799	0.28397073142515594
B.1.325	73.0	13.0	258.22667781940413	0.050343365409718836
B.1.254	13.0	13.0	78.74761904761905	0.16508435629195137
AS.1	35.0	13.0	144.40586903989035	0.09002404186500834
B.1.258.16	453.0	13.0	1398.0418450760626	0.009298720239159019
B.1.1.13	4.0	13.0	52.138648352742116	0.24933519396300755
B.1.177.3	65.0	13.0	234.2499110636784	0.0554962857444419
B.1.1.92		13.0	40.48148148148148	0.3211344922232388
B.1.1.234	31.0	13.0	132.4426874926875	0.09815566450747056
B.1.258.14	66.0	13.0	237.2467498391762	0.05479527120524257
B.1.1.145	2.0	13.0	46.28783297336213	0.28085134180900806
B.1.1.119	4.0	13.0	52.138648352742116	0.24933519396300755
B.1.1.315	51.0	13.0	192.30452658439975	0.067601112833371
B.1.160.33	96.0	13.0	327.17886647565575	0.03973361769980729
B.1.438.1	223.0	13.0	708.0826239046875	0.018359439366428917
B.1.218	125.0	13.0	414.1412882768873	0.03139025344246391
B.1.1.362	21.0	13.0	102.57246046805818	0.12673967203943884
B.1.1.258	179.0	13.0	576.1015565317575	0.022565465849914566
B.30	37.0	13.0	150.38966287652104	0.08644211145465351
B.1.1.482	8.0	12.0	60.895566502463055	0.19705868077464447
B.1.1.113	48.0	12.0	180.2998336106489	0.06655580185344805
B.1.444	1.0	12.0	40.36879120879121	0.2972593342697547
B.1.1.159	61.0	12.0	219.24648290559884	0.05473291904603483
B.1.1.155	1.0	12.0	40.36879120879121	0.2972593342697547
B.1.1.107	11.0	12.0	69.77968305566843	0.17196982666755178
B.1.557	2.0	12.0	43.272984441301276	0.2773092763286919
B.1.480	46.0	12.0	174.3101606466796	0.06884280271144702
B.1.1.289	380.0	12.0	1176.0459177697237	0.010203683222468927
B.1.1.166	8.0	12.0	60.895566502463055	0.19705868077464447
B.1.586	69.0	12.0	243.2221545437626	0.049337610804861355
B.1.507	58.0	12.0	210.25703802923533	0.05707300032606496
B.1.1.266	63.0	12.0	225.2399147575919	0.053276525223847036
B.1.587	123.0	12.0	405.133318706233	0.029619879298797794
B.1.147	746.0	12.0	2274.0237466191884	0.00527698974904748
B.1.485	40.0	12.0	156.34589838206074	0.07675289293919137
B.1.1.361	2.0	12.0	43.272984441301276	0.2773092763286919
P.1	143.0	12.0	465.1161193673226	0.025800008858697657
L.2	49.0	12.0	183.29492361896132	0.06546826154850824
B.1.1.512	7.0	11.0	54.91156634631597	0.20032209481378221
B.1.1.302	206.0	11.0	651.076033906334	0.016895108139677734
B.1.310	4.0	11.0	46.09125090383225	0.23865700722575545
B.1.1.355	29.0	11.0	120.4120289629399	0.0913529993202386
B.1.1.514	5.0	11.0	49.02402007648183	0.2243798036725471
B.1.198		11.0	34.47826086956522	0.31904161412358134
B.1.1.58	39.0	11.0	150.32975853123128	0.07317247168806387
B.1.167	10.0	11.0	63.782488135231695	0.17246113034470822
B.1.1.348	45.0	11.0	168.29447090789202	0.06536162442330222
B.1.438	49.0	11.0	180.27486016733695	0.0610179366650982
B.1.589	75.0	11.0	258.19181294175127	0.04260398451317907
A.2.5.2	40.0	11.0	153.3233018509533	0.0717438241102659
B.1.443	74.0	11.0	255.19406842745397	0.0431044501456626
B.1.599	37.0	11.0	144.3434771234755	0.07620711527262355
B.1.383	80.0	11.0	273.1812785657593	0.04026630249975975
B.1.359	15.0	11.0	78.63290817766239	0.13989054016858582
B.1.606	90.0	11.0	303.16333699210315	0.036284070854803036
B.1.479	3.0	11.0	43.16784828075151	0.2548192795818569
R.1	61.0	11.0	216.22908570725073	0.050871972029205785
B.1.1.134	52.0	10.0	186.24183072268457	0.05369363027197726
B.1.450	55.0	10.0	195.2306783051464	0.05122145805573628
B.1.142	257.0	10.0	801.0561784619451	0.012483518970168032
G.1	7.0	10.0	51.87735094037615	0.19276234847637524
B.1.149	56.0	10.0	198.22718586924046	0.05044716725483077
B.1.1.518	39.0	10.0	147.30591039408284	0.06788593867854532
B.1.35	94.0	10.0	312.1442085545911	0.03203647457149952
B.1.163	22.0	10.0	96.46799076773567	0.10366132766335756
B.1.405	16.0	10.0	78.57551112617192	0.12726611455244102
B.1.478	18.0	10.0	84.53458265435452	0.1182947816858345
B.1.103	29.0	10.0	117.38419531538798	0.08519034417820891
B.1.1.226	92.0	10.0	306.1470352767873	0.03266404324627546
A.26		10.0	31.476190476190474	0.3177004538577912
B.1.1.423	4.0	10.0	43.062544420753376	0.23222037003416462
B.1.531		10.0	31.476190476190474	0.3177004538577912
A.2.5	21.0	10.0	93.48303613170373	0.10697127964384344
B.1.1.209	62.0	10.0	216.208266418278	0.04625170057399162
B.1.9.2		10.0	31.476190476190474	0.3177004538577912
B.1.550	46.0	9.0	165.2453330132485	0.05446447313146464
B.1.1.378	31.0	9.0	120.33718448114676	0.0747898501930634
B.1.474	139.0	9.0	444.09120997095414	0.020266107047218176
AA.7	74.0	9.0	249.16261521024256	0.03612098866599964
B.1.1.55	37.0	9.0	138.29327066011913	0.06507908849823313
AV.1	1.0	9.0	31.330622009569378	0.2872588995281074
B.1.1.203	8.0	9.0	51.79005912416074	0.17377852337305755
M.3		9.0	28.473684210526315	0.31608133086876156
B.1.502	10.0	9.0	57.70761033911729	0.15595863261555507
W.1	35.0	9.0	132.30658101239135	0.06802382716818216
B.1.276	28.0	9.0	111.36446639577328	0.0808157241827505
B.1.541	126.0	9.0	405.099991771579	0.022216737059512874
B.1.302	23.0	9.0	96.42125972289742	0.09334041087893757
B.1.570	11.0	9.0	60.672496909765144	0.14833739269681293
B.1.1.341	3.0	9.0	37.11363636363637	0.24249846907532147
B.1.9.5	100.0	9.0	327.12383758021394	0.02751251656429077
B.1.620	28.0	9.0	111.36446639577328	0.0808157241827505
B.1.1.14	36.0	9.0	135.29977827050996	0.06651895601784329
B.1.309	8.0	9.0	51.79005912416074	0.17377852337305755
B.1.539	5.0	9.0	42.95707160669754	0.20951148817594886
B.1.1.149	24.0	9.0	99.40852974186306	0.09053549049936212
M.2		8.0	25.470588235294116	0.3140877598152425
B.1.619	35.0	8.0	129.27886896170887	0.06188172950654079
B.1.423	52.0	8.0	180.1999260081391	0.04439513476625214
B.1.406	93.0	8.0	303.11879635783276	0.026392292712049348
D.4	3.0	8.0	34.07927272727272	0.23474679357220601
B.1.177.74	17.0	8.0	75.47898251192368	0.10598977004938047
B.1.1.523	65.0	8.0	219.16434246318477	0.03650228823762169
B.1.1.262	28.0	8.0	108.33299145299146	0.07384638689195074
B.1.527	61.0	8.0	207.17386437945768	0.03861490938522668
B.1.1.144	19.0	8.0	81.44363599615988	0.09822744161836297
B.1.1.318	7.0	8.0	45.79534206695779	0.17469025536053703
B.1.1.43	42.0	8.0	150.23987220447285	0.053248181608622464
B.1.552	41.0	8.0	147.24476218761936	0.05433130442905939
B.1.214.3	49.0	8.0	171.21044002567132	0.046726122535521074
B.1.1.142	29.0	8.0	111.32400936989428	0.07186230576207998
B.1.500	2.0	8.0	31.184615384615384	0.2565367538233843
B.1.590	100.0	8.0	324.1110984141495	0.024682894350558742
B.1.1.370	14.0	7.0	63.498687664041995	0.11023849873930476
B.1.249	4.0	7.0	33.9456005841548	0.20621228906073544
B.1.1.133	86.0	7.0	279.1128880024109	0.02507945817227736
B.1.36.2	53.0	7.0	180.17494334212108	0.0388511291867494
B.1.362.1	3.0	7.0	31.03816425120773	0.22552880200470046
C.20	1.0	7.0	25.289814814814815	0.27679127155566946
B.1.177.47	27.0	7.0	102.30851279709813	0.06842050391136706
B.1.605	26.0	7.0	99.31784203591984	0.07048079032434415
B.1.355	25.0	7.0	96.32775243309003	0.07266856978586989
B.1.563	11.0	7.0	54.58125530110263	0.12824915735968037
B.1.36.22	433.0	7.0	1320.02386349256	0.005302934434442104
B.1.213	41.0	7.0	144.21863940050557	0.04853741533755907
B.1.177.35	648.0	7.0	1965.016030490759	0.0035623119055429604
B.1.578	12.0	7.0	57.5508627535918	0.12163153886973004
B.1.491	10.0	7.0	51.61518350930116	0.1356190082853931
B.1.1.441	12.0	7.0	57.5508627535918	0.12163153886973004
B.1.168	17.0	7.0	72.43661921196433	0.09663620522537877
B.1.210	311.0	7.0	954.0330184869994	0.00733727225825087
AA.6	35.0	7.0	126.24983498349836	0.05544561702528121
B.1.1.95	17.0	7.0	72.43661921196433	0.09663620522537877
B.1.1.272	175.0	7.0	546.0576902759153	0.012819158350215703
B.1.1.5	87.0	7.0	282.11168738484054	0.024812867786122603
B.1.431	10.0	7.0	51.61518350930116	0.1356190082853931
B.1.195	94.0	6.0	300.0899910026992	0.0199940023989205
B.1.467	11.0	6.0	51.527598710717164	0.1164424531731976
B.1.483	3.0	6.0	27.98809523809524	0.21437686091025093
B.1.1.268	37.0	6.0	129.2091893113667	0.04643632571319114
B.1.1.322	14.0	6.0	60.44888337468982	0.09925741659790896
B.1.466.1	28.0	6.0	102.26447749073745	0.05867139936781515
B.1.88.1	150.0	6.0	468.05768993732755	0.01281893264226338
B.1.1.187	84.0	6.0	270.0999876588918	0.022213995831711686
B.1.1.356	39.0	6.0	135.1999013806706	0.044378730596158655
B.1.256	44.0	6.0	150.17992808629646	0.03995207666201756
B.1.151	69.0	6.0	225.1199786780384	0.026652454549940533
B.1.556	77.0	6.0	249.10841800166423	0.024085898213041985
B.1.1.437	19.0	6.0	75.35942675159237	0.07961844003641148
B.12	57.0	6.0	189.1428211768091	0.03172206041270396
B.1.177.73	418.0	6.0	1272.0212262970247	0.004716902419519031
Y.1	54.0	6.0	180.14995836802663	0.03330558638122279
B.1.1.46	77.0	6.0	249.10841800166423	0.024085898213041985
B.1.115	23.0	6.0	87.3099771204445	0.06872066856371951
AA.8	24.0	6.0	90.29966777408639	0.06644542718596624
B.1.603	13.0	6.0	57.47238288027762	0.10439796819454612
B.1.268	81.0	6.0	261.10343461391335	0.022979398983671122
AA.2	59.0	6.0	195.13842878975328	0.030747403457186493
B.1.110.2		5.0	16.454545454545453	0.30386740331491713
B.1.1.169	25.0	5.0	90.24976915974145	0.055401803755863746
N.5	54.0	5.0	177.12708823436392	0.02822831928103679
B.1.188	29.0	5.0	102.2204295615527	0.048913901276351195
B.1.1.242	13.0	5.0	54.41560319891101	0.09188540981017854
R.2	1.0	5.0	19.222943722943725	0.2601058439364936
B.1.1.320	34.0	5.0	117.19220250267182	0.04266495460639548
B.1.1.185	6.0	5.0	33.67721751932278	0.14846832275057104
B.37	23.0	5.0	84.26757333575516	0.05933480462381459
B.1.1.327		5.0	16.454545454545453	0.30386740331491713
B.1.177.83	143.0	5.0	444.0506737479497	0.011259976159473368
B.1.428	328.0	5.0	999.0225223532691	0.0050048921702206895
B.1.401	50.0	5.0	165.13632610164402	0.030278014038670215
B.1.225	33.0	5.0	114.19725471646625	0.043783889660169245
B.1.1.193		5.0	16.454545454545453	0.30386740331491713
B.1.1.116	11.0	5.0	48.467238878143135	0.10316246841647107
B.1.179	210.0	5.0	645.0348830920888	0.007751518764429632
AH.1		5.0	16.454545454545453	0.30386740331491713
AH.3	86.0	5.0	273.0824092910771	0.01830949131062677
B.1.69	16.0	5.0	63.35647178826435	0.07891853600544341
B.1.1.392	12.0	5.0	51.43991524568661	0.09720078223533357
B.1.9.1	23.0	5.0	84.26757333575516	0.05933480462381459
B.1.1.395	13.0	5.0	54.41560319891101	0.09188540981017854
B.1.498	31.0	5.0	108.20819963205408	0.046207219203366824
B.32	23.0	5.0	84.26757333575516	0.05933480462381459
B.1.1.254	41.0	5.0	138.1629793434649	0.03618914432621129
B.1.1.147	1.0	5.0	19.222943722943725	0.2601058439364936
V.1	23.0	4.0	81.22201955717688	0.0492477289016948
B.1.438.3	6.0	4.0	30.596078431372547	0.13073570879261728
B.1.1.263	271.0	4.0	825.0218179894866	0.004848356628613393
B.1.446	26.0	4.0	90.19985218033997	0.044345970678562184
B.1.1.354	79.0	4.0	249.07228216304486	0.01605959509128184
B.1.321	16.0	4.0	60.299502487562194	0.06633553901750795
B.1.334	51.0	4.0	165.10906688290237	0.024226410308749762
B.18	14.0	4.0	54.33265167007498	0.07362055554161544
A.28	62.0	4.0	198.0908951840572	0.020192750385036016
B.1.1.440	33.0	4.0	111.16208330869163	0.03598349258075883
B.1.1.296	38.0	4.0	126.1428032141509	0.03171009283192522
C.31	13.0	4.0	51.352132605619566	0.07789355177748299
B.1.571	51.0	4.0	165.10906688290237	0.024226410308749762
B.1.258.22	134.0	4.0	414.04347673900105	0.009660821205308989
B.1.526	173.0	4.0	531.0338975837906	0.007532475832898877
B.1.1.182	4.0	4.0	24.742424242424242	0.16166564605021433
B.1.1.420	43.0	4.0	141.12762108220983	0.028343140551273908
B.1.1.375	40.0	4.0	132.136316727648	0.030271768572485466
B.1.1.363	128.0	4.0	396.0454528064995	0.010099850842005062
B.1.487	30.0	4.0	102.17636899319314	0.039147995171627946
B.1.513	67.0	4.0	213.08449587072306	0.018771896020190852
B.1.9.4	18.0	4.0	66.27235316124205	0.06035699366624141
B.1.543	29.0	4.0	99.18170707996556	0.0403300176793185
B.1.1.210	111.0	4.0	345.05217128337625	0.011592449875398625
B.1.495	51.0	4.0	165.10906688290237	0.024226410308749762
C.2	17.0	4.0	63.28528431688702	0.06320584703342545
B.1.420	26.0	3.0	87.1550803233398	0.03442140135572351
B.1.221.3	855.0	3.0	2574.0052447516828	0.0011654987906947383
B.1.418	44.0	3.0	141.09572302405832	0.02126216114636209
B.1.1.148	57.0	3.0	180.0749895876718	0.01665972607783721
AA.1	22.0	3.0	75.17985634477255	0.03990430609819325
B.1.1.335	14.0	3.0	51.264250278424626	0.05852031354611652
B.1.462	23.0	3.0	78.17294919103037	0.03837644646959568
B.1.1.334	3.0	3.0	18.74	0.16008537886873
B.1.153	32.0	3.0	105.12851901461767	0.02853650016303248
B.1.1.310	39.0	3.0	126.10711251365457	0.023789300541435895
B.1.39	224.0	3.0	681.0198235961963	0.004405158111489599
B.1.233	40.0	3.0	129.1046228863349	0.02323696807233024
AC.1	9.0	3.0	36.373711340206185	0.082477148728123
B.1.1.426	13.0	3.0	48.28070388349514	0.06213662516684137
C.28	14.0	3.0	51.264250278424626	0.05852031354611652
A.25	21.0	3.0	72.18733766233767	0.041558535016663886
B.1.510	13.0	3.0	48.28070388349514	0.06213662516684137
B.1.1.371	27.0	3.0	90.14991680532445	0.03327790092672402
AA.4	26.0	3.0	87.1550803233398	0.03442140135572351
B.1.363	8.0	3.0	33.407421150278296	0.0898004065176102
B.1.1.397	86.0	3.0	267.0505586067274	0.011233827840135532
B.1.499.1	2.0	3.0	15.883018867924529	0.18888096935138987
B.1.1.347	8.0	3.0	33.407421150278296	0.0898004065176102
B.1.1.160	3.0	3.0	18.74	0.16008537886873
AA.3	24.0	3.0	81.16655258955053	0.03696103757382229
AA.5	36.0	3.0	117.11534672224327	0.025615771834881323
B.1.36.10	108.0	3.0	333.0405388955602	0.00900791239993995
B.1.496	2.0	3.0	15.883018867924529	0.18888096935138987
B.1.177.41	120.0	3.0	369.0365841568597	0.008129275331479993
B.1.252	130.0	3.0	399.03383363017366	0.007518159482136578
B.1.36.26	83.0	3.0	258.05232204468825	0.011625549331350231
B.1.248	21.0	3.0	72.18733766233767	0.041558535016663886
B.1.70	22.0	3.0	75.17985634477255	0.03990430609819325
B.1.177.12	4356.0	3.0	13077.001032346841	0.00022941039712234465
A.2.2	411.0	3.0	1242.0108695335086	0.0024154377981625724
B.1.350	188.0	3.0	573.0235598865266	0.005235386832251848
B.1.572	30.0	3.0	99.13630111291735	0.030261367090779055
B.1.1.297	193.0	3.0	588.0229588848619	0.005101841611234463
B.1.1.403	6.0	3.0	27.496969696969696	0.10910293145250166
B.1.277	27.0	3.0	90.14991680532445	0.03327790092672402
B.1.1.421	23.0	3.0	78.17294919103037	0.03837644646959568
B.1.1.288	481.0	3.0	1452.0092975008165	0.0020661024727345544
B.1.1.425	13.0	3.0	48.28070388349514	0.06213662516684137
A.21	57.0	3.0	180.0749895876718	0.01665972607783721
B.1.562	18.0	3.0	63.214043583535116	0.047457808897094306
B.1.1.385	15.0	3.0	54.24961597542242	0.05529993062732717
B.1.1.408	9.0	3.0	36.373711340206185	0.082477148728123
B.1.1.54	217.0	3.0	660.0204543341538	0.0045453136797502436
B.1.566	34.0	3.0	111.12157725036236	0.026997456967703518
B.1.264.1	13.0	2.0	45.19970501474926	0.04424807638340501
B.1.1.201	15.0	2.0	51.1762677484787	0.03908061466751751
B.1.260	108.0	2.0	330.02727197602	0.006060105239258292
B.1.258.11	1690.0	2.0	5076.001773049438	0.00039401089468069436
B.1.1.230	61.0	2.0	189.04761504937827	0.01057934531190785
B.1.36.36	553.0	2.0	1665.005405399556	0.0012011973015307147
B.1.1.328	8.0	2.0	30.299009900990097	0.06600875759754266
B.1.372	88.0	2.0	270.03333196176055	0.007406493063171995
B.1.1.194	58.0	2.0	180.04999537165602	0.011108025834000357
B.1.221.2	27.0	2.0	87.10340732246704	0.02296121427943416
B.1.1.326	376.0	2.0	1134.0079364894216	0.0017636560870918179
B.1.395	75.0	2.0	231.03895884890827	0.008656548704878527
B.1.284	51.0	2.0	159.05659705902102	0.012574140507091708
B.1.341	31.0	2.0	99.09088128996386	0.020183491901212554
B.1.1.379	26.0	2.0	84.10709736123749	0.023779206068782272
B.1.1.280	178.0	2.0	540.0166664952043	0.0037035893965649694
B.1.333	83.0	2.0	255.03529248953942	0.007842051899864142
B.1.177.46	44.0	2.0	138.06520712246615	0.014485908808480377
B.1.428.2	8.0	2.0	30.299009900990097	0.06600875759754266
B.1.1.374	13.0	2.0	45.19970501474926	0.04424807638340501
B.1.177.24	606.0	2.0	1824.004934206077	0.0010964882618974532
B.1.575.1	166.0	2.0	504.0178569319668	0.003968113376328179
B.1.569	26.0	2.0	84.10709736123749	0.023779206068782272
B.1.1.117	56.0	2.0	174.05171901419277	0.011490837386311094
B.1.1.118	60.0	2.0	186.04838290196736	0.010749891876533215
B.1.1.38	14.0	2.0	48.18725680933852	0.041504749023447356
B.1.1.391	112.0	2.0	342.02631511455405	0.0058475032815242444
B.1.518	24.0	2.0	78.11532780365867	0.025603169777728647
B.1.520	15.0	2.0	51.1762677484787	0.03908061466751751
B.1.180	17.0	2.0	57.157749345740044	0.03499088090229465
B.1.182	135.0	2.0	411.02189742133936	0.004865920800199596
B.1.177.67	45.0	2.0	141.06382015981515	0.014177979851489518
B.1.1.349	20.0	2.0	66.13626991565137	0.030240592681606518
C.18	129.0	2.0	393.02290031856285	0.005088761999310751
B.1.177.59	11.0	2.0	39.23031674208145	0.050980980172781694
AN.1	19.0	2.0	63.14274940745529	0.031674262187953744
B.1.1.467	18.0	2.0	60.1498753117207	0.03325027674014618
A.27	20.0	2.0	66.13626991565137	0.030240592681606518
B.1.116	83.0	2.0	255.03529248953942	0.007842051899864142
B.1.1.447	13.0	2.0	45.19970501474926	0.04424807638340501
L.4	14.0	2.0	48.18725680933852	0.041504749023447356
AE.1	37.0	2.0	117.07690622999428	0.017082788266296143
B.1.1.500	35.0	2.0	111.08106135332412	0.01800486937767407
B.1.1.411	18.0	2.0	60.1498753117207	0.03325027674014618
B.1.1.513	79.0	2.0	243.03703515564735	0.008229198478820922
B.1.1.410	19.0	2.0	63.14274940745529	0.031674262187953744
P.1.2	33.0	2.0	105.08569098112329	0.01903208687431349
B.1.1.72	21.0	2.0	69.13035274815422	0.028930851941203206
D.5	62.0	2.0	192.04687118623383	0.010414124362695489
B.1.1.364	10.0	2.0	36.249425287356324	0.0551732885182484
B.1.1.353	11.0	2.0	39.23031674208145	0.050980980172781694
B.1.1.98	33.0	2.0	105.08569098112329	0.01903208687431349
B.1.470	109.0	2.0	333.0270262958949	0.0060055185978299475
B.1.473	23.0	2.0	75.11993610223642	0.026624090804311232
B.1.177.50	98.0	2.0	300.02999900009996	0.006666000088875558
B.1.1.358	8.0	2.0	30.299009900990097	0.06600875759754266
B.1.499	292.0	2.0	882.0102040422819	0.002267547462414759
B.1.504	24.0	2.0	78.11532780365867	0.025603169777728647
B.1.516	425.0	2.0	1281.0070257482796	0.0015612716868837876
B.1.581	59.0	2.0	183.04917592339746	0.010926025697252859
B.1.511	21.0	2.0	69.13035274815422	0.028930851941203206
B.1.1.63	110.0	2.0	336.0267850025622	0.005951906482647656
AG.1	7.0	1.0	24.18701550387597	0.04134449741596891
B.1.428.3	7.0	1.0	24.18701550387597	0.04134449741596891
B.1.547	15.0	1.0	48.093689083820664	0.020792748883479036
B.1.468	55.0	1.0	168.02678429095215	0.0059514321137540665
B.1.466	17.0	1.0	54.08329053244308	0.01848999922443934
AB.1	80.0	1.0	243.01851804813526	0.0041149127565740795
B.1.459	84.0	1.0	255.01764665176844	0.003921297263657677
B.1.445	59.0	1.0	180.02499884275332	0.005554784093477325
B.1.1.367	10.0	1.0	33.136176580621026	0.030178496833120703
B.1.1.342	12.0	1.0	39.11527115951895	0.025565462550977195
B.1.1.430	13.0	1.0	42.10705198109778	0.023748991034777466
B.1.1.352	7.0	1.0	24.18701550387597	0.04134449741596891
B.1.134	132.0	1.0	399.01127808922797	0.0025061948243387177
AM.1	5.0	1.0	18.248858447488583	0.0547979482046791
B.1.160.28	181.0	1.0	546.0082417167731	0.0018314741859129715
B.1.434	15.0	1.0	48.093689083820664	0.020792748883479036
B.1.1.154	23.0	1.0	72.06248193119397	0.013876846497665882
B.1.432	36.0	1.0	111.04053560680067	0.009005720249234416
B.1.585	10.0	1.0	33.136176580621026	0.030178496833120703
B.1.1.34	52.0	1.0	159.02830020785274	0.006288188949344128
B.4.7	67.0	1.0	204.0220580285309	0.004901430804409187
B.1.1.75	52.0	1.0	159.02830020785274	0.006288188949344128
B.1.1.339	87.0	1.0	264.0170450877162	0.003787634240311125
B.1.1.336	12.0	1.0	39.11527115951895	0.025565462550977195
B.1.424	105.0	1.0	318.01415073350074	0.003144514159805457
B.38	32.0	1.0	99.0454475920286	0.010096375192518008
B.1.1.162	9.0	1.0	30.149751243781097	0.033167769508753976
B.1.177.38	40.0	1.0	123.03658173959082	0.008127664031795994
B.1.110.1	8.0	1.0	27.16632583503749	0.03681027777080772
B.1.618	80.0	1.0	243.01851804813526	0.0041149127565740795
B.4.8	8.0	1.0	27.16632583503749	0.03681027777080772
B.1.1.389	86.0	1.0	261.01724099968646	0.0038311645474836706
B.41	117.0	1.0	354.0127117122545	0.002824757323439875
B.1.194	19.0	1.0	60.07496878901373	0.016645867990577733
B.1.1.461	38.0	1.0	117.03845732534526	0.008544200110397773
B.1.208	20.0	1.0	63.07140160707545	0.01585504641596261
B.1.214	44.0	1.0	135.03333059052636	0.0074055790198376235
B.1.1.177	25.0	1.0	78.05767809426347	0.01281103953402748
AE.5	22.0	1.0	69.06519686332472	0.014479072606988023
B.1.1.93	25.0	1.0	78.05767809426347	0.01281103953402748
B.1.219	59.0	1.0	180.02499884275332	0.005554784093477325
B.1.1.417	63.0	1.0	192.0234365464421	0.0052076976539170705
B.1.287	29.0	1.0	90.04999074588191	0.011104942840271543
B.1.1.485	20.0	1.0	63.07140160707545	0.01585504641596261
B.1.1.319	17.0	1.0	54.08329053244308	0.01848999922443934
C.1	241.0	1.0	726.0061983294679	0.0013773987085798837
B.1.600	77.0	1.0	234.01923024246142	0.004273153103545915
B.1.560	48.0	1.0	147.03061012037543	0.006801304838368623
B.1.1.136	35.0	1.0	108.04166131036551	0.009255688850686528
B.1.1.197	13.0	1.0	42.10705198109778	0.023748991034777466
B.1.160.8	506.0	1.0	1521.0029585779635	0.000657460917061551
B.1.1.325	30.0	1.0	93.04837870934192	0.01074709751927791
B.1.36.18	368.0	1.0	1107.0040650356748	0.000903339049588561
B.1.243.1	10.0	1.0	33.136176580621026	0.030178496833120703
B.1.601	10.0	1.0	33.136176580621026	0.030178496833120703
B.1.36.37	113.0	1.0	342.01315772600043	0.0029238641187048645
B.1.177.14	133.0	1.0	402.01119392595126	0.002487492923354258
B.1.36.33	101.0	1.0	306.0147056467837	0.003267816812549676
B.1.1.402	43.0	1.0	132.03408797502522	0.00757380170027875
C.5	8.0	1.0	27.16632583503749	0.03681027777080772
B.1.36.21	106.0	1.0	321.01401848752323	0.0031151287557831895
B.1.1.312	439.0	1.0	1320.0034090879742	0.0007575738010335343
B.1.526.2	66.0	1.0	201.02238722857481	0.004974570314215493
B.1.36.20	33.0	1.0	102.04411128913304	0.009799683562009645
B.1.1.57	56.0	1.0	171.02631443973837	0.005847053438974462
B.6.3	36.0	1.0	111.04053560680067	0.009005720249234416
B.1.281	36.0	1.0	111.04053560680067	0.009005720249234416
B.1.164	54.0	1.0	165.02727122489145	0.0060596045282554955
B.1.1.111	49.0	1.0	150.0299980003999	0.006665333688782256
B.1.351.2	270.0	1.0	813.0055350427895	0.0012300039260462953
N.2	11.0	1.0	36.12485582468281	0.027681771377942387
N.4	122.0	1.0	369.0121949876097	0.0027099375402310946
B.1.350.1	6.0	1.0	21.21356421356421	0.04713965036392083
B.1.279	1791.0	1.0	5376.000837053528	0.00018601187579949836
B.1.343	39.0	1.0	120.03749609497032	0.008330730251227731
B.1.258.20	42.0	1.0	129.03488057740307	0.007749842488521066
B.1.1.398	94.0	1.0	285.01578918211266	0.0035085775523862072
B.1.338	96.0	1.0	291.0154636436197	0.003436243515996145
B.1.506	32.0	1.0	99.0454475920286	0.010096375192518008
B.1.1.393	3.0	1.0	12.371212121212121	0.08083282302510716
A.19	61.0	1.0	186.02419249954897	0.005375644890932262
A.12	5.0	1.0	18.248858447488583	0.0547979482046791
B.1.169	55.0	1.0	168.02678429095215	0.0059514321137540665
B.1.1.27	132.0	1.0	399.01127808922797	0.0025061948243387177
B.1.315	31.0	1.0	96.04686737432894	0.010411583712591509
A.11	10.0		30.0	
A.15	62.0		186.0	
A.16	53.0		159.0	
A.17	10.0		30.0	
A.18	10.0		30.0	
A.2.4	110.0		330.0	
A.2.5.1	19.0		57.0	
A.22	13.0		39.0	
A.23	51.0		153.0	
A.24	9.0		27.0	
A.6	164.0		492.0	
A.7	17.0		51.0	
A.9	19.0		57.0	
AD.1	194.0		582.0	
AD.2.1	7.0		21.0	
AE.2	14.0		42.0	
AE.3	12.0		36.0	
AE.4	17.0		51.0	
AE.6	24.0		72.0	
AE.7	12.0		36.0	
AE.8	801.0		2403.0	
AH.2	16.0		48.0	
AJ.1	13.0		39.0	
AK.2	13.0		39.0	
AL.1	20.0		60.0	
AM.2	5.0		15.0	
AM.3	6.0		18.0	
AM.4	49.0		147.0	
AQ.1	9.0		27.0	
AQ.2	9.0		27.0	
AT.1	6.0		18.0	
AU.1	120.0		360.0	
AU.2	24.0		72.0	
AU.3	46.0		138.0	
B.1.1.100	24.0		72.0	
B.1.1.101	47.0		141.0	
B.1.1.110	6.0		18.0	
B.1.1.112	15.0		45.0	
B.1.1.114	15.0		45.0	
B.1.1.121	85.0		255.0	
B.1.1.122	15.0		45.0	
B.1.1.127	16.0		48.0	
B.1.1.129	35.0		105.0	
B.1.1.137	48.0		144.0	
B.1.1.141	50.0		150.0	
B.1.1.152	13.0		39.0	
B.1.1.157	192.0		576.0	
B.1.1.16	14.0		42.0	
B.1.1.161	61.0		183.0	
B.1.1.163	59.0		177.0	
B.1.1.175	10.0		30.0	
B.1.1.176	319.0		957.0	
B.1.1.181	86.0		258.0	
B.1.1.184	16.0		48.0	
B.1.1.190	14.0		42.0	
B.1.1.191	206.0		618.0	
B.1.1.202	12.0		36.0	
B.1.1.221	79.0		237.0	
B.1.1.224	52.0		156.0	
B.1.1.229	114.0		342.0	
B.1.1.249	14.0		42.0	
B.1.1.261	97.0		291.0	
B.1.1.267	85.0		255.0	
B.1.1.271	16.0		48.0	
B.1.1.273	137.0		411.0	
B.1.1.275	25.0		75.0	
B.1.1.283	10.0		30.0	
B.1.1.29	95.0		285.0	
B.1.1.298	958.0		2874.0	
B.1.1.30	13.0		39.0	
B.1.1.31	15.0		45.0	
B.1.1.324	12.0		36.0	
B.1.1.330	15.0		45.0	
B.1.1.331	85.0		255.0	
B.1.1.332	7.0		21.0	
B.1.1.333	111.0		333.0	
B.1.1.338	31.0		93.0	
B.1.1.340	19.0		57.0	
B.1.1.343	8.0		24.0	
B.1.1.345	8.0		24.0	
B.1.1.346	34.0		102.0	
B.1.1.350	13.0		39.0	
B.1.1.357	7.0		21.0	
B.1.1.359	11.0		33.0	
B.1.1.360	28.0		84.0	
B.1.1.366	57.0		171.0	
B.1.1.373	12.0		36.0	
B.1.1.377	423.0		1269.0	
B.1.1.381	7.0		21.0	
B.1.1.382	14.0		42.0	
B.1.1.383	16.0		48.0	
B.1.1.386	12.0		36.0	
B.1.1.387	12.0		36.0	
B.1.1.388	5.0		15.0	
B.1.1.394	37.0		111.0	
B.1.1.396	6.0		18.0	
B.1.1.399	8.0		24.0	
B.1.1.40	24.0		72.0	
B.1.1.400	5.0		15.0	
B.1.1.401	15.0		45.0	
B.1.1.404	20.0		60.0	
B.1.1.405	11.0		33.0	
B.1.1.407	12.0		36.0	
B.1.1.409	41.0		123.0	
B.1.1.412	126.0		378.0	
B.1.1.414	7.0		21.0	
B.1.1.415	20.0		60.0	
B.1.1.422	7.0		21.0	
B.1.1.424	11.0		33.0	
B.1.1.427	6.0		18.0	
B.1.1.429	22.0		66.0	
B.1.1.431	47.0		141.0	
B.1.1.435	10.0		30.0	
B.1.1.436	38.0		114.0	
B.1.1.438	18.0		54.0	
B.1.1.442	37.0		111.0	
B.1.1.444	5.0		15.0	
B.1.1.446	5.0		15.0	
B.1.1.448	311.0		933.0	
B.1.1.449	7.0		21.0	
B.1.1.451	9.0		27.0	
B.1.1.452	6.0		18.0	
B.1.1.456	18.0		54.0	
B.1.1.458	11.0		33.0	
B.1.1.459	30.0		90.0	
B.1.1.462	93.0		279.0	
B.1.1.464.1	144.0		432.0	
B.1.1.465	5.0		15.0	
B.1.1.466	42.0		126.0	
B.1.1.48	19.0		57.0	
B.1.1.480	22.0		66.0	
B.1.1.481	11.0		33.0	
B.1.1.483	24.0		72.0	
B.1.1.484	6.0		18.0	
B.1.1.49	52.0		156.0	
B.1.1.506	22.0		66.0	
B.1.1.507	19.0		57.0	
B.1.1.515	35.0		105.0	
B.1.1.516	8.0		24.0	
B.1.1.52	20.0		60.0	
B.1.1.522	45.0		135.0	
B.1.1.53	23.0		69.0	
B.1.1.56	25.0		75.0	
B.1.1.62	23.0		69.0	
B.1.1.82	19.0		57.0	
B.1.1.84	11.0		33.0	
B.1.1.87	15.0		45.0	
B.1.1.88	15.0		45.0	
B.1.1.90	8.0		24.0	
B.1.1.91	5.0		15.0	
B.1.1.99	21.0		63.0	
B.1.113	61.0		183.0	
B.1.118	108.0		324.0	
B.1.120	110.0		330.0	
B.1.127	359.0		1077.0	
B.1.128	1152.0		3456.0	
B.1.137	128.0		384.0	
B.1.140	44.0		132.0	
B.1.143	33.0		99.0	
B.1.145	13.0		39.0	
B.1.158	6.0		18.0	
B.1.159	61.0		183.0	
B.1.160.13	22.0		66.0	
B.1.160.17	504.0		1512.0	
B.1.160.18	71.0		213.0	
B.1.160.21	35.0		105.0	
B.1.160.24	151.0		453.0	
B.1.160.25	65.0		195.0	
B.1.160.27	43.0		129.0	
B.1.161	46.0		138.0	
B.1.177.25	38.0		114.0	
B.1.177.27	21.0		63.0	
B.1.177.29	8.0		24.0	
B.1.177.34	12.0		36.0	
B.1.177.36	35.0		105.0	
B.1.177.37	27.0		81.0	
B.1.177.39	45.0		135.0	
B.1.177.40	125.0		375.0	
B.1.177.42	643.0		1929.0	
B.1.177.49	14.0		42.0	
B.1.177.61	11.0		33.0	
B.1.177.64	5.0		15.0	
B.1.177.66	22.0		66.0	
B.1.177.68	12.0		36.0	
B.1.177.70	109.0		327.0	
B.1.177.76	189.0		567.0	
B.1.177.78	77.0		231.0	
B.1.177.79	28.0		84.0	
B.1.177.80	83.0		249.0	
B.1.177.88	10.0		30.0	
B.1.178	19.0		57.0	
B.1.184	14.0		42.0	
B.1.187	29.0		87.0	
B.1.192	97.0		291.0	
B.1.203	9.0		27.0	
B.1.205	28.0		84.0	
B.1.211	33.0		99.0	
B.1.212	33.0		99.0	
B.1.214.1	21.0		63.0	
B.1.214.4	88.0		264.0	
B.1.22.1	31.0		93.0	
B.1.221.4	117.0		351.0	
B.1.224	40.0		120.0	
B.1.227	17.0		51.0	
B.1.23	133.0		399.0	
B.1.237	113.0		339.0	
B.1.240.1	28.0		84.0	
B.1.242	44.0		132.0	
B.1.245	22.0		66.0	
B.1.247	40.0		120.0	
B.1.258.15	43.0		129.0	
B.1.258.18	10.0		30.0	
B.1.258.19	113.0		339.0	
B.1.258.21	109.0		327.0	
B.1.258.24	30.0		90.0	
B.1.258.9	181.0		543.0	
B.1.263	17.0		51.0	
B.1.270	20.0		60.0	
B.1.273	19.0		57.0	
B.1.285	10.0		30.0	
B.1.289	245.0		735.0	
B.1.291	40.0		120.0	
B.1.292	14.0		42.0	
B.1.308	26.0		78.0	
B.1.316	5.0		15.0	
B.1.326	55.0		165.0	
B.1.329	223.0		669.0	
B.1.342	8.0		24.0	
B.1.344	59.0		177.0	
B.1.351.1	7.0		21.0	
B.1.354	13.0		39.0	
B.1.357	74.0		222.0	
B.1.358	19.0		57.0	
B.1.36.19	32.0		96.0	
B.1.36.25	329.0		987.0	
B.1.36.27	15.0		45.0	
B.1.369.1	25.0		75.0	
B.1.380	112.0		336.0	
B.1.381	63.0		189.0	
B.1.387	24.0		72.0	
B.1.388	8.0		24.0	
B.1.393	18.0		54.0	
B.1.411	67.0		201.0	
B.1.417	22.0		66.0	
B.1.422	423.0		1269.0	
B.1.428.1	29.0		87.0	
B.1.438.2	51.0		153.0	
B.1.44	99.0		297.0	
B.1.456	24.0		72.0	
B.1.458	9.0		27.0	
B.1.463	121.0		363.0	
B.1.466.2	47.0		141.0	
B.1.475	7.0		21.0	
B.1.476	6.0		18.0	
B.1.482	7.0		21.0	
B.1.486	9.0		27.0	
B.1.488	5.0		15.0	
B.1.489	19.0		57.0	
B.1.490	9.0		27.0	
B.1.497	1530.0		4590.0	
B.1.517.1	172.0		516.0	
B.1.524	199.0		597.0	
B.1.526.1	35.0		105.0	
B.1.526.3	10.0		30.0	
B.1.528	20.0		60.0	
B.1.529	18.0		54.0	
B.1.530	10.0		30.0	
B.1.533	13.0		39.0	
B.1.534	56.0		168.0	
B.1.535	29.0		87.0	
B.1.536	27.0		81.0	
B.1.537	20.0		60.0	
B.1.538	24.0		72.0	
B.1.540	34.0		102.0	
B.1.542	26.0		78.0	
B.1.545	10.0		30.0	
B.1.548	24.0		72.0	
B.1.555	38.0		114.0	
B.1.559	31.0		93.0	
B.1.564.1	150.0		450.0	
B.1.573	162.0		486.0	
B.1.579	73.0		219.0	
B.1.588.1	24.0		72.0	
B.1.592	24.0		72.0	
B.1.593	86.0		258.0	
B.1.595.2	19.0		57.0	
B.1.596.1	8.0		24.0	
B.1.597	36.0		108.0	
B.1.598	37.0		111.0	
B.1.6	51.0		153.0	
B.1.604	7.0		21.0	
B.1.607	18.0		54.0	
B.1.611	23.0		69.0	
B.1.613	37.0		111.0	
B.1.614	8.0		24.0	
B.1.615	22.0		66.0	
B.1.616	6.0		18.0	
B.1.617	1.0		3.0	
B.1.617.3	23.0		69.0	
B.1.621	12.0		36.0	
B.1.622	62.0		186.0	
B.1.67	21.0		63.0	
B.1.83	59.0		177.0	
B.1.84	35.0		105.0	
B.1.9.3	25.0		75.0	
B.1.94	20.0		60.0	
B.15	33.0		99.0	
B.36	10.0		30.0	
B.4.1	27.0		81.0	
B.4.2	15.0		45.0	
B.4.5	78.0		234.0	
B.4.6	46.0		138.0	
B.42	12.0		36.0	
B.43	39.0		117.0	
B.44	10.0		30.0	
B.47	16.0		48.0	
B.49	19.0		57.0	
B.50	8.0		24.0	
B.53	83.0		249.0	
B.56	34.0		102.0	
B.6.1	35.0		105.0	
B.6.2	14.0		42.0	
B.6.4	22.0		66.0	
B.6.5	10.0		30.0	
B.6.6	987.0		2961.0	
B.6.7	55.0		165.0	
B.6.8	17.0		51.0	
C.1.1	12.0		36.0	
C.10	4.0		12.0	
C.11	65.0		195.0	
C.12	120.0		360.0	
C.13	19.0		57.0	
C.14	73.0		219.0	
C.17	9.0		27.0	
C.19	23.0		69.0	
C.2.1	58.0		174.0	
C.21	7.0		21.0	
C.22	12.0		36.0	
C.25	7.0		21.0	
C.26	72.0		216.0	
C.29	6.0		18.0	
C.30.1	137.0		411.0	
C.32	15.0		45.0	
C.33	7.0		21.0	
C.34	15.0		45.0	
C.36.1	21.0		63.0	
C.4	24.0		72.0	
C.6	3.0		9.0	
C.7	29.0		87.0	
C.8	129.0		387.0	
C.9	30.0		90.0	
D.2	11292.0		33876.0	
D.3	139.0		417.0	
K.1	35.0		105.0	
K.2	15.0		45.0	
K.3	76.0		228.0	
L.1	370.0		1110.0	
M.1	18.0		54.0	
N.10	17.0		51.0	
N.3	81.0		243.0	
N.6	93.0		279.0	
N.7	27.0		81.0	
N.8	6.0		18.0	
N.9	30.0		90.0	
P.1.1	108.0		324.0	
P.3	31.0		93.0	
S.1	41.0		123.0	
U.2	21.0		63.0	
U.3	10.0		30.0	
V.2	25.0		75.0	
W.2	51.0		153.0	
